cohort_month,month_number,retained_customers,total_customers,retention_rate_pct,prev_month_retained,churn_rate_pct
2020-01,0,315,315,100,,
2020-01,1,11,315,3.49,315,96.51
2020-01,2,17,315,5.4,11,-54.55
2020-01,3,10,315,3.17,17,41.18
2020-01,4,9,315,2.86,10,10
2020-01,5,12,315,3.81,9,-33.33
2020-01,6,16,315,5.08,12,-33.33
2020-01,7,8,315,2.54,16,50
2020-01,8,14,315,4.44,8,-75
2020-01,9,11,315,3.49,14,21.43
2020-01,10,15,315,4.76,11,-36.36
2020-01,11,11,315,3.49,15,26.67
2020-01,12,7,315,2.22,11,36.36
2020-01,13,13,315,4.13,7,-85.71
2020-01,14,16,315,5.08,13,-23.08
2020-01,15,18,315,5.71,16,-12.5
2020-01,16,14,315,4.44,18,22.22
2020-01,17,16,315,5.08,14,-14.29
2020-01,18,12,315,3.81,16,25
2020-01,19,6,315,1.9,12,50
2020-01,20,12,315,3.81,6,-100
2020-01,21,13,315,4.13,12,-8.33
2020-01,22,8,315,2.54,13,38.46
2020-01,23,21,315,6.67,8,-162.5
2020-01,24,23,315,7.3,21,-9.52
2020-01,25,15,315,4.76,23,34.78
2020-01,26,12,315,3.81,15,20
2020-01,27,18,315,5.71,12,-50
2020-01,28,8,315,2.54,18,55.56
2020-01,29,16,315,5.08,8,-100
2020-01,30,14,315,4.44,16,12.5
2020-01,31,14,315,4.44,14,0
2020-01,32,10,315,3.17,14,28.57
2020-01,33,13,315,4.13,10,-30
2020-01,34,6,315,1.9,13,53.85
2020-01,35,9,315,2.86,6,-50
2020-01,36,14,315,4.44,9,-55.56
2020-01,37,13,315,4.13,14,7.14
2020-01,38,19,315,6.03,13,-46.15
2020-01,39,15,315,4.76,19,21.05
2020-01,40,10,315,3.17,15,33.33
2020-01,41,12,315,3.81,10,-20
2020-01,42,9,315,2.86,12,25
2020-01,43,8,315,2.54,9,11.11
2020-01,44,11,315,3.49,8,-37.5
2020-01,45,20,315,6.35,11,-81.82
2020-01,46,16,315,5.08,20,20
2020-01,47,9,315,2.86,16,43.75
2020-01,48,16,315,5.08,9,-77.78
2020-01,49,10,315,3.17,16,37.5
2020-01,50,17,315,5.4,10,-70
2020-01,51,13,315,4.13,17,23.53
2020-01,52,13,315,4.13,13,0
2020-01,53,17,315,5.4,13,-30.77
2020-01,54,18,315,5.71,17,-5.88
2020-01,55,8,315,2.54,18,55.56
2020-01,56,13,315,4.13,8,-62.5
2020-01,57,13,315,4.13,13,0
2020-01,58,7,315,2.22,13,46.15
2020-01,59,15,315,4.76,7,-114.29
2020-01,60,9,315,2.86,15,40
2020-01,61,9,315,2.86,9,0
2020-01,62,14,315,4.44,9,-55.56
2020-01,63,11,315,3.49,14,21.43
2020-01,64,19,315,6.03,11,-72.73
2020-01,65,17,315,5.4,19,10.53
2020-01,66,19,315,6.03,17,-11.76
2020-01,67,14,315,4.44,19,26.32
2020-01,68,13,315,4.13,14,7.14
2020-01,69,4,315,1.27,13,69.23
2020-01,70,15,315,4.76,4,-275
2020-01,71,11,315,3.49,15,26.67
2020-01,72,13,315,4.13,11,-18.18
2020-01,73,15,315,4.76,13,-15.38
2020-01,74,11,315,3.49,15,26.67
2020-02,0,301,301,100,,
2020-02,1,18,301,5.98,301,94.02
2020-02,2,7,301,2.33,18,61.11
2020-02,3,12,301,3.99,7,-71.43
2020-02,4,10,301,3.32,12,16.67
2020-02,5,12,301,3.99,10,-20
2020-02,6,16,301,5.32,12,-33.33
2020-02,7,15,301,4.98,16,6.25
2020-02,8,12,301,3.99,15,20
2020-02,9,16,301,5.32,12,-33.33
2020-02,10,17,301,5.65,16,-6.25
2020-02,11,10,301,3.32,17,41.18
2020-02,12,10,301,3.32,10,0
2020-02,13,10,301,3.32,10,0
2020-02,14,9,301,2.99,10,10
2020-02,15,11,301,3.65,9,-22.22
2020-02,16,11,301,3.65,11,0
2020-02,17,10,301,3.32,11,9.09
2020-02,18,13,301,4.32,10,-30
2020-02,19,16,301,5.32,13,-23.08
2020-02,20,9,301,2.99,16,43.75
2020-02,21,8,301,2.66,9,11.11
2020-02,22,10,301,3.32,8,-25
2020-02,23,16,301,5.32,10,-60
2020-02,24,13,301,4.32,16,18.75
2020-02,25,17,301,5.65,13,-30.77
2020-02,26,7,301,2.33,17,58.82
2020-02,27,7,301,2.33,7,0
2020-02,28,6,301,1.99,7,14.29
2020-02,29,13,301,4.32,6,-116.67
2020-02,30,17,301,5.65,13,-30.77
2020-02,31,9,301,2.99,17,47.06
2020-02,32,23,301,7.64,9,-155.56
2020-02,33,16,301,5.32,23,30.43
2020-02,34,8,301,2.66,16,50
2020-02,35,17,301,5.65,8,-112.5
2020-02,36,11,301,3.65,17,35.29
2020-02,37,10,301,3.32,11,9.09
2020-02,38,17,301,5.65,10,-70
2020-02,39,19,301,6.31,17,-11.76
2020-02,40,8,301,2.66,19,57.89
2020-02,41,12,301,3.99,8,-50
2020-02,42,11,301,3.65,12,8.33
2020-02,43,13,301,4.32,11,-18.18
2020-02,44,12,301,3.99,13,7.69
2020-02,45,14,301,4.65,12,-16.67
2020-02,46,11,301,3.65,14,21.43
2020-02,47,9,301,2.99,11,18.18
2020-02,48,9,301,2.99,9,0
2020-02,49,16,301,5.32,9,-77.78
2020-02,50,12,301,3.99,16,25
2020-02,51,13,301,4.32,12,-8.33
2020-02,52,18,301,5.98,13,-38.46
2020-02,53,10,301,3.32,18,44.44
2020-02,54,14,301,4.65,10,-40
2020-02,55,17,301,5.65,14,-21.43
2020-02,56,11,301,3.65,17,35.29
2020-02,57,17,301,5.65,11,-54.55
2020-02,58,17,301,5.65,17,0
2020-02,59,9,301,2.99,17,47.06
2020-02,60,8,301,2.66,9,11.11
2020-02,61,8,301,2.66,8,0
2020-02,62,12,301,3.99,8,-50
2020-02,63,11,301,3.65,12,8.33
2020-02,64,12,301,3.99,11,-9.09
2020-02,65,14,301,4.65,12,-16.67
2020-02,66,20,301,6.64,14,-42.86
2020-02,67,7,301,2.33,20,65
2020-02,68,10,301,3.32,7,-42.86
2020-02,69,11,301,3.65,10,-10
2020-02,70,15,301,4.98,11,-36.36
2020-02,71,10,301,3.32,15,33.33
2020-02,72,7,301,2.33,10,30
2020-02,73,9,301,2.99,7,-28.57
2020-03,0,276,276,100,,
2020-03,1,7,276,2.54,276,97.46
2020-03,2,21,276,7.61,7,-200
2020-03,3,8,276,2.9,21,61.9
2020-03,4,12,276,4.35,8,-50
2020-03,5,20,276,7.25,12,-66.67
2020-03,6,5,276,1.81,20,75
2020-03,7,14,276,5.07,5,-180
2020-03,8,9,276,3.26,14,35.71
2020-03,9,10,276,3.62,9,-11.11
2020-03,10,12,276,4.35,10,-20
2020-03,11,7,276,2.54,12,41.67
2020-03,12,19,276,6.88,7,-171.43
2020-03,13,11,276,3.99,19,42.11
2020-03,14,8,276,2.9,11,27.27
2020-03,15,11,276,3.99,8,-37.5
2020-03,16,16,276,5.8,11,-45.45
2020-03,17,9,276,3.26,16,43.75
2020-03,18,11,276,3.99,9,-22.22
2020-03,19,11,276,3.99,11,0
2020-03,20,10,276,3.62,11,9.09
2020-03,21,8,276,2.9,10,20
2020-03,22,11,276,3.99,8,-37.5
2020-03,23,12,276,4.35,11,-9.09
2020-03,24,13,276,4.71,12,-8.33
2020-03,25,12,276,4.35,13,7.69
2020-03,26,11,276,3.99,12,8.33
2020-03,27,12,276,4.35,11,-9.09
2020-03,28,8,276,2.9,12,33.33
2020-03,29,12,276,4.35,8,-50
2020-03,30,11,276,3.99,12,8.33
2020-03,31,14,276,5.07,11,-27.27
2020-03,32,13,276,4.71,14,7.14
2020-03,33,15,276,5.43,13,-15.38
2020-03,34,10,276,3.62,15,33.33
2020-03,35,12,276,4.35,10,-20
2020-03,36,12,276,4.35,12,0
2020-03,37,9,276,3.26,12,25
2020-03,38,9,276,3.26,9,0
2020-03,39,9,276,3.26,9,0
2020-03,40,10,276,3.62,9,-11.11
2020-03,41,16,276,5.8,10,-60
2020-03,42,8,276,2.9,16,50
2020-03,43,20,276,7.25,8,-150
2020-03,44,13,276,4.71,20,35
2020-03,45,13,276,4.71,13,0
2020-03,46,11,276,3.99,13,15.38
2020-03,47,14,276,5.07,11,-27.27
2020-03,48,10,276,3.62,14,28.57
2020-03,49,17,276,6.16,10,-70
2020-03,50,8,276,2.9,17,52.94
2020-03,51,11,276,3.99,8,-37.5
2020-03,52,8,276,2.9,11,27.27
2020-03,53,11,276,3.99,8,-37.5
2020-03,54,11,276,3.99,11,0
2020-03,55,8,276,2.9,11,27.27
2020-03,56,9,276,3.26,8,-12.5
2020-03,57,6,276,2.17,9,33.33
2020-03,58,13,276,4.71,6,-116.67
2020-03,59,12,276,4.35,13,7.69
2020-03,60,13,276,4.71,12,-8.33
2020-03,61,15,276,5.43,13,-15.38
2020-03,62,15,276,5.43,15,0
2020-03,63,16,276,5.8,15,-6.67
2020-03,64,12,276,4.35,16,25
2020-03,65,11,276,3.99,12,8.33
2020-03,66,13,276,4.71,11,-18.18
2020-03,67,11,276,3.99,13,15.38
2020-03,68,12,276,4.35,11,-9.09
2020-03,69,19,276,6.88,12,-58.33
2020-03,70,17,276,6.16,19,10.53
2020-03,71,12,276,4.35,17,29.41
2020-03,72,16,276,5.8,12,-33.33
2020-04,0,304,304,100,,
2020-04,1,19,304,6.25,304,93.75
2020-04,2,16,304,5.26,19,15.79
2020-04,3,10,304,3.29,16,37.5
2020-04,4,18,304,5.92,10,-80
2020-04,5,8,304,2.63,18,55.56
2020-04,6,14,304,4.61,8,-75
2020-04,7,13,304,4.28,14,7.14
2020-04,8,20,304,6.58,13,-53.85
2020-04,9,15,304,4.93,20,25
2020-04,10,7,304,2.3,15,53.33
2020-04,11,14,304,4.61,7,-100
2020-04,12,13,304,4.28,14,7.14
2020-04,13,9,304,2.96,13,30.77
2020-04,14,14,304,4.61,9,-55.56
2020-04,15,13,304,4.28,14,7.14
2020-04,16,25,304,8.22,13,-92.31
2020-04,17,6,304,1.97,25,76
2020-04,18,9,304,2.96,6,-50
2020-04,19,16,304,5.26,9,-77.78
2020-04,20,16,304,5.26,16,0
2020-04,21,13,304,4.28,16,18.75
2020-04,22,8,304,2.63,13,38.46
2020-04,23,12,304,3.95,8,-50
2020-04,24,15,304,4.93,12,-25
2020-04,25,17,304,5.59,15,-13.33
2020-04,26,10,304,3.29,17,41.18
2020-04,27,17,304,5.59,10,-70
2020-04,28,10,304,3.29,17,41.18
2020-04,29,11,304,3.62,10,-10
2020-04,30,11,304,3.62,11,0
2020-04,31,11,304,3.62,11,0
2020-04,32,11,304,3.62,11,0
2020-04,33,16,304,5.26,11,-45.45
2020-04,34,16,304,5.26,16,0
2020-04,35,9,304,2.96,16,43.75
2020-04,36,7,304,2.3,9,22.22
2020-04,37,12,304,3.95,7,-71.43
2020-04,38,11,304,3.62,12,8.33
2020-04,39,10,304,3.29,11,9.09
2020-04,40,13,304,4.28,10,-30
2020-04,41,12,304,3.95,13,7.69
2020-04,42,13,304,4.28,12,-8.33
2020-04,43,11,304,3.62,13,15.38
2020-04,44,9,304,2.96,11,18.18
2020-04,45,11,304,3.62,9,-22.22
2020-04,46,9,304,2.96,11,18.18
2020-04,47,9,304,2.96,9,0
2020-04,48,10,304,3.29,9,-11.11
2020-04,49,11,304,3.62,10,-10
2020-04,50,9,304,2.96,11,18.18
2020-04,51,11,304,3.62,9,-22.22
2020-04,52,17,304,5.59,11,-54.55
2020-04,53,20,304,6.58,17,-17.65
2020-04,54,17,304,5.59,20,15
2020-04,55,16,304,5.26,17,5.88
2020-04,56,20,304,6.58,16,-25
2020-04,57,6,304,1.97,20,70
2020-04,58,10,304,3.29,6,-66.67
2020-04,59,10,304,3.29,10,0
2020-04,60,18,304,5.92,10,-80
2020-04,61,10,304,3.29,18,44.44
2020-04,62,14,304,4.61,10,-40
2020-04,63,9,304,2.96,14,35.71
2020-04,64,9,304,2.96,9,0
2020-04,65,6,304,1.97,9,33.33
2020-04,66,11,304,3.62,6,-83.33
2020-04,67,8,304,2.63,11,27.27
2020-04,68,9,304,2.96,8,-12.5
2020-04,69,11,304,3.62,9,-22.22
2020-04,70,8,304,2.63,11,27.27
2020-04,71,11,304,3.62,8,-37.5
2020-05,0,289,289,100,,
2020-05,1,13,289,4.5,289,95.5
2020-05,2,12,289,4.15,13,7.69
2020-05,3,15,289,5.19,12,-25
2020-05,4,11,289,3.81,15,26.67
2020-05,5,15,289,5.19,11,-36.36
2020-05,6,10,289,3.46,15,33.33
2020-05,7,15,289,5.19,10,-50
2020-05,8,17,289,5.88,15,-13.33
2020-05,9,6,289,2.08,17,64.71
2020-05,10,12,289,4.15,6,-100
2020-05,11,5,289,1.73,12,58.33
2020-05,12,6,289,2.08,5,-20
2020-05,13,10,289,3.46,6,-66.67
2020-05,14,10,289,3.46,10,0
2020-05,15,10,289,3.46,10,0
2020-05,16,12,289,4.15,10,-20
2020-05,17,14,289,4.84,12,-16.67
2020-05,18,12,289,4.15,14,14.29
2020-05,19,8,289,2.77,12,33.33
2020-05,20,11,289,3.81,8,-37.5
2020-05,21,13,289,4.5,11,-18.18
2020-05,22,13,289,4.5,13,0
2020-05,23,6,289,2.08,13,53.85
2020-05,24,12,289,4.15,6,-100
2020-05,25,13,289,4.5,12,-8.33
2020-05,26,14,289,4.84,13,-7.69
2020-05,27,10,289,3.46,14,28.57
2020-05,28,10,289,3.46,10,0
2020-05,29,9,289,3.11,10,10
2020-05,30,10,289,3.46,9,-11.11
2020-05,31,11,289,3.81,10,-10
2020-05,32,4,289,1.38,11,63.64
2020-05,33,8,289,2.77,4,-100
2020-05,34,11,289,3.81,8,-37.5
2020-05,35,16,289,5.54,11,-45.45
2020-05,36,17,289,5.88,16,-6.25
2020-05,37,12,289,4.15,17,29.41
2020-05,38,13,289,4.5,12,-8.33
2020-05,39,8,289,2.77,13,38.46
2020-05,40,10,289,3.46,8,-25
2020-05,41,12,289,4.15,10,-20
2020-05,42,10,289,3.46,12,16.67
2020-05,43,11,289,3.81,10,-10
2020-05,44,11,289,3.81,11,0
2020-05,45,12,289,4.15,11,-9.09
2020-05,46,11,289,3.81,12,8.33
2020-05,47,13,289,4.5,11,-18.18
2020-05,48,14,289,4.84,13,-7.69
2020-05,49,8,289,2.77,14,42.86
2020-05,50,17,289,5.88,8,-112.5
2020-05,51,12,289,4.15,17,29.41
2020-05,52,14,289,4.84,12,-16.67
2020-05,53,17,289,5.88,14,-21.43
2020-05,54,7,289,2.42,17,58.82
2020-05,55,10,289,3.46,7,-42.86
2020-05,56,14,289,4.84,10,-40
2020-05,57,11,289,3.81,14,21.43
2020-05,58,6,289,2.08,11,45.45
2020-05,59,9,289,3.11,6,-50
2020-05,60,10,289,3.46,9,-11.11
2020-05,61,14,289,4.84,10,-40
2020-05,62,6,289,2.08,14,57.14
2020-05,63,15,289,5.19,6,-150
2020-05,64,17,289,5.88,15,-13.33
2020-05,65,8,289,2.77,17,52.94
2020-05,66,18,289,6.23,8,-125
2020-05,67,14,289,4.84,18,22.22
2020-05,68,18,289,6.23,14,-28.57
2020-05,69,13,289,4.5,18,27.78
2020-05,70,8,289,2.77,13,38.46
2020-06,0,253,253,100,,
2020-06,1,11,253,4.35,253,95.65
2020-06,2,9,253,3.56,11,18.18
2020-06,3,15,253,5.93,9,-66.67
2020-06,4,12,253,4.74,15,20
2020-06,5,10,253,3.95,12,16.67
2020-06,6,11,253,4.35,10,-10
2020-06,7,10,253,3.95,11,9.09
2020-06,8,12,253,4.74,10,-20
2020-06,9,14,253,5.53,12,-16.67
2020-06,10,14,253,5.53,14,0
2020-06,11,9,253,3.56,14,35.71
2020-06,12,12,253,4.74,9,-33.33
2020-06,13,11,253,4.35,12,8.33
2020-06,14,12,253,4.74,11,-9.09
2020-06,15,10,253,3.95,12,16.67
2020-06,16,7,253,2.77,10,30
2020-06,17,10,253,3.95,7,-42.86
2020-06,18,13,253,5.14,10,-30
2020-06,19,12,253,4.74,13,7.69
2020-06,20,6,253,2.37,12,50
2020-06,21,12,253,4.74,6,-100
2020-06,22,9,253,3.56,12,25
2020-06,23,10,253,3.95,9,-11.11
2020-06,24,10,253,3.95,10,0
2020-06,25,8,253,3.16,10,20
2020-06,26,9,253,3.56,8,-12.5
2020-06,27,5,253,1.98,9,44.44
2020-06,28,11,253,4.35,5,-120
2020-06,29,7,253,2.77,11,36.36
2020-06,30,11,253,4.35,7,-57.14
2020-06,31,7,253,2.77,11,36.36
2020-06,32,13,253,5.14,7,-85.71
2020-06,33,7,253,2.77,13,46.15
2020-06,34,12,253,4.74,7,-71.43
2020-06,35,9,253,3.56,12,25
2020-06,36,5,253,1.98,9,44.44
2020-06,37,9,253,3.56,5,-80
2020-06,38,8,253,3.16,9,11.11
2020-06,39,7,253,2.77,8,12.5
2020-06,40,12,253,4.74,7,-71.43
2020-06,41,6,253,2.37,12,50
2020-06,42,9,253,3.56,6,-50
2020-06,43,7,253,2.77,9,22.22
2020-06,44,10,253,3.95,7,-42.86
2020-06,45,12,253,4.74,10,-20
2020-06,46,10,253,3.95,12,16.67
2020-06,47,7,253,2.77,10,30
2020-06,48,8,253,3.16,7,-14.29
2020-06,49,13,253,5.14,8,-62.5
2020-06,50,8,253,3.16,13,38.46
2020-06,51,11,253,4.35,8,-37.5
2020-06,52,14,253,5.53,11,-27.27
2020-06,53,15,253,5.93,14,-7.14
2020-06,54,10,253,3.95,15,33.33
2020-06,55,5,253,1.98,10,50
2020-06,56,10,253,3.95,5,-100
2020-06,57,10,253,3.95,10,0
2020-06,58,11,253,4.35,10,-10
2020-06,59,13,253,5.14,11,-18.18
2020-06,60,9,253,3.56,13,30.77
2020-06,61,7,253,2.77,9,22.22
2020-06,62,11,253,4.35,7,-57.14
2020-06,63,8,253,3.16,11,27.27
2020-06,64,14,253,5.53,8,-75
2020-06,65,11,253,4.35,14,21.43
2020-06,66,10,253,3.95,11,9.09
2020-06,67,16,253,6.32,10,-60
2020-06,68,13,253,5.14,16,18.75
2020-06,69,10,253,3.95,13,23.08
2020-07,0,267,267,100,,
2020-07,1,8,267,3,267,97
2020-07,2,8,267,3,8,0
2020-07,3,5,267,1.87,8,37.5
2020-07,4,13,267,4.87,5,-160
2020-07,5,11,267,4.12,13,15.38
2020-07,6,16,267,5.99,11,-45.45
2020-07,7,6,267,2.25,16,62.5
2020-07,8,9,267,3.37,6,-50
2020-07,9,12,267,4.49,9,-33.33
2020-07,10,8,267,3,12,33.33
2020-07,11,5,267,1.87,8,37.5
2020-07,12,7,267,2.62,5,-40
2020-07,13,13,267,4.87,7,-85.71
2020-07,14,11,267,4.12,13,15.38
2020-07,15,9,267,3.37,11,18.18
2020-07,16,14,267,5.24,9,-55.56
2020-07,17,12,267,4.49,14,14.29
2020-07,18,12,267,4.49,12,0
2020-07,19,14,267,5.24,12,-16.67
2020-07,20,10,267,3.75,14,28.57
2020-07,21,10,267,3.75,10,0
2020-07,22,12,267,4.49,10,-20
2020-07,23,13,267,4.87,12,-8.33
2020-07,24,9,267,3.37,13,30.77
2020-07,25,14,267,5.24,9,-55.56
2020-07,26,9,267,3.37,14,35.71
2020-07,27,13,267,4.87,9,-44.44
2020-07,28,9,267,3.37,13,30.77
2020-07,29,6,267,2.25,9,33.33
2020-07,30,10,267,3.75,6,-66.67
2020-07,31,8,267,3,10,20
2020-07,32,13,267,4.87,8,-62.5
2020-07,33,11,267,4.12,13,15.38
2020-07,34,11,267,4.12,11,0
2020-07,35,10,267,3.75,11,9.09
2020-07,36,10,267,3.75,10,0
2020-07,37,15,267,5.62,10,-50
2020-07,38,5,267,1.87,15,66.67
2020-07,39,7,267,2.62,5,-40
2020-07,40,8,267,3,7,-14.29
2020-07,41,10,267,3.75,8,-25
2020-07,42,14,267,5.24,10,-40
2020-07,43,9,267,3.37,14,35.71
2020-07,44,13,267,4.87,9,-44.44
2020-07,45,15,267,5.62,13,-15.38
2020-07,46,10,267,3.75,15,33.33
2020-07,47,10,267,3.75,10,0
2020-07,48,15,267,5.62,10,-50
2020-07,49,4,267,1.5,15,73.33
2020-07,50,9,267,3.37,4,-125
2020-07,51,14,267,5.24,9,-55.56
2020-07,52,11,267,4.12,14,21.43
2020-07,53,13,267,4.87,11,-18.18
2020-07,54,14,267,5.24,13,-7.69
2020-07,55,9,267,3.37,14,35.71
2020-07,56,16,267,5.99,9,-77.78
2020-07,57,4,267,1.5,16,75
2020-07,58,17,267,6.37,4,-325
2020-07,59,8,267,3,17,52.94
2020-07,60,9,267,3.37,8,-12.5
2020-07,61,14,267,5.24,9,-55.56
2020-07,62,10,267,3.75,14,28.57
2020-07,63,20,267,7.49,10,-100
2020-07,64,12,267,4.49,20,40
2020-07,65,10,267,3.75,12,16.67
2020-07,66,11,267,4.12,10,-10
2020-07,67,9,267,3.37,11,18.18
2020-07,68,8,267,3,9,11.11
2020-08,0,248,248,100,,
2020-08,1,11,248,4.44,248,95.56
2020-08,2,12,248,4.84,11,-9.09
2020-08,3,7,248,2.82,12,41.67
2020-08,4,12,248,4.84,7,-71.43
2020-08,5,13,248,5.24,12,-8.33
2020-08,6,6,248,2.42,13,53.85
2020-08,7,9,248,3.63,6,-50
2020-08,8,12,248,4.84,9,-33.33
2020-08,9,10,248,4.03,12,16.67
2020-08,10,5,248,2.02,10,50
2020-08,11,7,248,2.82,5,-40
2020-08,12,14,248,5.65,7,-100
2020-08,13,9,248,3.63,14,35.71
2020-08,14,14,248,5.65,9,-55.56
2020-08,15,11,248,4.44,14,21.43
2020-08,16,13,248,5.24,11,-18.18
2020-08,17,12,248,4.84,13,7.69
2020-08,18,6,248,2.42,12,50
2020-08,19,9,248,3.63,6,-50
2020-08,20,13,248,5.24,9,-44.44
2020-08,21,6,248,2.42,13,53.85
2020-08,22,13,248,5.24,6,-116.67
2020-08,23,16,248,6.45,13,-23.08
2020-08,24,10,248,4.03,16,37.5
2020-08,25,9,248,3.63,10,10
2020-08,26,11,248,4.44,9,-22.22
2020-08,27,8,248,3.23,11,27.27
2020-08,28,13,248,5.24,8,-62.5
2020-08,29,6,248,2.42,13,53.85
2020-08,30,13,248,5.24,6,-116.67
2020-08,31,11,248,4.44,13,15.38
2020-08,32,12,248,4.84,11,-9.09
2020-08,33,11,248,4.44,12,8.33
2020-08,34,9,248,3.63,11,18.18
2020-08,35,13,248,5.24,9,-44.44
2020-08,36,12,248,4.84,13,7.69
2020-08,37,8,248,3.23,12,33.33
2020-08,38,11,248,4.44,8,-37.5
2020-08,39,7,248,2.82,11,36.36
2020-08,40,9,248,3.63,7,-28.57
2020-08,41,7,248,2.82,9,22.22
2020-08,42,11,248,4.44,7,-57.14
2020-08,43,8,248,3.23,11,27.27
2020-08,44,13,248,5.24,8,-62.5
2020-08,45,12,248,4.84,13,7.69
2020-08,46,13,248,5.24,12,-8.33
2020-08,47,11,248,4.44,13,15.38
2020-08,48,11,248,4.44,11,0
2020-08,49,12,248,4.84,11,-9.09
2020-08,50,12,248,4.84,12,0
2020-08,51,11,248,4.44,12,8.33
2020-08,52,11,248,4.44,11,0
2020-08,53,13,248,5.24,11,-18.18
2020-08,54,12,248,4.84,13,7.69
2020-08,55,5,248,2.02,12,58.33
2020-08,56,10,248,4.03,5,-100
2020-08,57,12,248,4.84,10,-20
2020-08,58,15,248,6.05,12,-25
2020-08,59,12,248,4.84,15,20
2020-08,60,9,248,3.63,12,25
2020-08,61,6,248,2.42,9,33.33
2020-08,62,13,248,5.24,6,-116.67
2020-08,63,5,248,2.02,13,61.54
2020-08,64,13,248,5.24,5,-160
2020-08,65,9,248,3.63,13,30.77
2020-08,66,15,248,6.05,9,-66.67
2020-08,67,5,248,2.02,15,66.67
2020-09,0,212,212,100,,
2020-09,1,13,212,6.13,212,93.87
2020-09,2,9,212,4.25,13,30.77
2020-09,3,6,212,2.83,9,33.33
2020-09,4,8,212,3.77,6,-33.33
2020-09,5,8,212,3.77,8,0
2020-09,6,7,212,3.3,8,12.5
2020-09,7,11,212,5.19,7,-57.14
2020-09,8,12,212,5.66,11,-9.09
2020-09,9,11,212,5.19,12,8.33
2020-09,10,9,212,4.25,11,18.18
2020-09,11,12,212,5.66,9,-33.33
2020-09,12,13,212,6.13,12,-8.33
2020-09,13,8,212,3.77,13,38.46
2020-09,14,3,212,1.42,8,62.5
2020-09,15,10,212,4.72,3,-233.33
2020-09,16,14,212,6.6,10,-40
2020-09,17,6,212,2.83,14,57.14
2020-09,18,11,212,5.19,6,-83.33
2020-09,19,14,212,6.6,11,-27.27
2020-09,20,10,212,4.72,14,28.57
2020-09,21,11,212,5.19,10,-10
2020-09,22,10,212,4.72,11,9.09
2020-09,23,7,212,3.3,10,30
2020-09,24,12,212,5.66,7,-71.43
2020-09,25,12,212,5.66,12,0
2020-09,26,7,212,3.3,12,41.67
2020-09,27,10,212,4.72,7,-42.86
2020-09,28,8,212,3.77,10,20
2020-09,29,4,212,1.89,8,50
2020-09,30,11,212,5.19,4,-175
2020-09,31,4,212,1.89,11,63.64
2020-09,32,10,212,4.72,4,-150
2020-09,33,8,212,3.77,10,20
2020-09,34,6,212,2.83,8,25
2020-09,35,12,212,5.66,6,-100
2020-09,36,5,212,2.36,12,58.33
2020-09,37,13,212,6.13,5,-160
2020-09,38,12,212,5.66,13,7.69
2020-09,39,7,212,3.3,12,41.67
2020-09,40,4,212,1.89,7,42.86
2020-09,41,12,212,5.66,4,-200
2020-09,42,9,212,4.25,12,25
2020-09,43,8,212,3.77,9,11.11
2020-09,44,5,212,2.36,8,37.5
2020-09,45,7,212,3.3,5,-40
2020-09,46,5,212,2.36,7,28.57
2020-09,47,3,212,1.42,5,40
2020-09,48,10,212,4.72,3,-233.33
2020-09,49,10,212,4.72,10,0
2020-09,50,8,212,3.77,10,20
2020-09,51,11,212,5.19,8,-37.5
2020-09,52,4,212,1.89,11,63.64
2020-09,53,11,212,5.19,4,-175
2020-09,54,5,212,2.36,11,54.55
2020-09,55,9,212,4.25,5,-80
2020-09,56,8,212,3.77,9,11.11
2020-09,57,7,212,3.3,8,12.5
2020-09,58,11,212,5.19,7,-57.14
2020-09,59,9,212,4.25,11,18.18
2020-09,60,10,212,4.72,9,-11.11
2020-09,61,8,212,3.77,10,20
2020-09,62,15,212,7.08,8,-87.5
2020-09,63,7,212,3.3,15,53.33
2020-09,64,8,212,3.77,7,-14.29
2020-09,65,5,212,2.36,8,37.5
2020-09,66,7,212,3.3,5,-40
2020-10,0,220,220,100,,
2020-10,1,13,220,5.91,220,94.09
2020-10,2,8,220,3.64,13,38.46
2020-10,3,15,220,6.82,8,-87.5
2020-10,4,8,220,3.64,15,46.67
2020-10,5,16,220,7.27,8,-100
2020-10,6,7,220,3.18,16,56.25
2020-10,7,8,220,3.64,7,-14.29
2020-10,8,6,220,2.73,8,25
2020-10,9,14,220,6.36,6,-133.33
2020-10,10,6,220,2.73,14,57.14
2020-10,11,12,220,5.45,6,-100
2020-10,12,10,220,4.55,12,16.67
2020-10,13,7,220,3.18,10,30
2020-10,14,12,220,5.45,7,-71.43
2020-10,15,8,220,3.64,12,33.33
2020-10,16,8,220,3.64,8,0
2020-10,17,8,220,3.64,8,0
2020-10,18,6,220,2.73,8,25
2020-10,19,8,220,3.64,6,-33.33
2020-10,20,7,220,3.18,8,12.5
2020-10,21,10,220,4.55,7,-42.86
2020-10,22,5,220,2.27,10,50
2020-10,23,13,220,5.91,5,-160
2020-10,24,11,220,5,13,15.38
2020-10,25,9,220,4.09,11,18.18
2020-10,26,12,220,5.45,9,-33.33
2020-10,27,9,220,4.09,12,25
2020-10,28,13,220,5.91,9,-44.44
2020-10,29,6,220,2.73,13,53.85
2020-10,30,2,220,0.91,6,66.67
2020-10,31,7,220,3.18,2,-250
2020-10,32,4,220,1.82,7,42.86
2020-10,33,11,220,5,4,-175
2020-10,34,4,220,1.82,11,63.64
2020-10,35,5,220,2.27,4,-25
2020-10,36,11,220,5,5,-120
2020-10,37,4,220,1.82,11,63.64
2020-10,38,11,220,5,4,-175
2020-10,39,8,220,3.64,11,27.27
2020-10,40,9,220,4.09,8,-12.5
2020-10,41,11,220,5,9,-22.22
2020-10,42,12,220,5.45,11,-9.09
2020-10,43,12,220,5.45,12,0
2020-10,44,7,220,3.18,12,41.67
2020-10,45,9,220,4.09,7,-28.57
2020-10,46,5,220,2.27,9,44.44
2020-10,47,14,220,6.36,5,-180
2020-10,48,12,220,5.45,14,14.29
2020-10,49,10,220,4.55,12,16.67
2020-10,50,4,220,1.82,10,60
2020-10,51,9,220,4.09,4,-125
2020-10,52,8,220,3.64,9,11.11
2020-10,53,14,220,6.36,8,-75
2020-10,54,9,220,4.09,14,35.71
2020-10,55,9,220,4.09,9,0
2020-10,56,11,220,5,9,-22.22
2020-10,57,6,220,2.73,11,45.45
2020-10,58,10,220,4.55,6,-66.67
2020-10,59,5,220,2.27,10,50
2020-10,60,10,220,4.55,5,-100
2020-10,61,7,220,3.18,10,30
2020-10,62,11,220,5,7,-57.14
2020-10,63,11,220,5,11,0
2020-10,64,4,220,1.82,11,63.64
2020-10,65,8,220,3.64,4,-100
2020-11,0,200,200,100,,
2020-11,1,10,200,5,200,95
2020-11,2,5,200,2.5,10,50
2020-11,3,11,200,5.5,5,-120
2020-11,4,15,200,7.5,11,-36.36
2020-11,5,6,200,3,15,60
2020-11,6,9,200,4.5,6,-50
2020-11,7,14,200,7,9,-55.56
2020-11,8,10,200,5,14,28.57
2020-11,9,6,200,3,10,40
2020-11,10,7,200,3.5,6,-16.67
2020-11,11,10,200,5,7,-42.86
2020-11,12,6,200,3,10,40
2020-11,13,6,200,3,6,0
2020-11,14,4,200,2,6,33.33
2020-11,15,2,200,1,4,50
2020-11,16,9,200,4.5,2,-350
2020-11,17,4,200,2,9,55.56
2020-11,18,11,200,5.5,4,-175
2020-11,19,3,200,1.5,11,72.73
2020-11,20,10,200,5,3,-233.33
2020-11,21,13,200,6.5,10,-30
2020-11,22,8,200,4,13,38.46
2020-11,23,11,200,5.5,8,-37.5
2020-11,24,10,200,5,11,9.09
2020-11,25,17,200,8.5,10,-70
2020-11,26,6,200,3,17,64.71
2020-11,27,10,200,5,6,-66.67
2020-11,28,9,200,4.5,10,10
2020-11,29,14,200,7,9,-55.56
2020-11,30,15,200,7.5,14,-7.14
2020-11,31,12,200,6,15,20
2020-11,32,3,200,1.5,12,75
2020-11,33,9,200,4.5,3,-200
2020-11,34,5,200,2.5,9,44.44
2020-11,35,3,200,1.5,5,40
2020-11,36,8,200,4,3,-166.67
2020-11,37,8,200,4,8,0
2020-11,38,10,200,5,8,-25
2020-11,39,8,200,4,10,20
2020-11,40,10,200,5,8,-25
2020-11,41,9,200,4.5,10,10
2020-11,42,9,200,4.5,9,0
2020-11,43,12,200,6,9,-33.33
2020-11,44,9,200,4.5,12,25
2020-11,45,8,200,4,9,11.11
2020-11,46,5,200,2.5,8,37.5
2020-11,47,9,200,4.5,5,-80
2020-11,48,7,200,3.5,9,22.22
2020-11,49,10,200,5,7,-42.86
2020-11,50,6,200,3,10,40
2020-11,51,8,200,4,6,-33.33
2020-11,52,12,200,6,8,-50
2020-11,53,3,200,1.5,12,75
2020-11,54,11,200,5.5,3,-266.67
2020-11,55,8,200,4,11,27.27
2020-11,56,11,200,5.5,8,-37.5
2020-11,57,9,200,4.5,11,18.18
2020-11,58,3,200,1.5,9,66.67
2020-11,59,11,200,5.5,3,-266.67
2020-11,60,11,200,5.5,11,0
2020-11,61,6,200,3,11,45.45
2020-11,62,9,200,4.5,6,-50
2020-11,63,7,200,3.5,9,22.22
2020-11,64,7,200,3.5,7,0
2020-12,0,219,219,100,,
2020-12,1,13,219,5.94,219,94.06
2020-12,2,12,219,5.48,13,7.69
2020-12,3,7,219,3.2,12,41.67
2020-12,4,9,219,4.11,7,-28.57
2020-12,5,8,219,3.65,9,11.11
2020-12,6,6,219,2.74,8,25
2020-12,7,4,219,1.83,6,33.33
2020-12,8,7,219,3.2,4,-75
2020-12,9,9,219,4.11,7,-28.57
2020-12,10,11,219,5.02,9,-22.22
2020-12,11,10,219,4.57,11,9.09
2020-12,12,12,219,5.48,10,-20
2020-12,13,7,219,3.2,12,41.67
2020-12,14,11,219,5.02,7,-57.14
2020-12,15,5,219,2.28,11,54.55
2020-12,16,8,219,3.65,5,-60
2020-12,17,8,219,3.65,8,0
2020-12,18,8,219,3.65,8,0
2020-12,19,5,219,2.28,8,37.5
2020-12,20,3,219,1.37,5,40
2020-12,21,8,219,3.65,3,-166.67
2020-12,22,14,219,6.39,8,-75
2020-12,23,8,219,3.65,14,42.86
2020-12,24,10,219,4.57,8,-25
2020-12,25,6,219,2.74,10,40
2020-12,26,7,219,3.2,6,-16.67
2020-12,27,13,219,5.94,7,-85.71
2020-12,28,9,219,4.11,13,30.77
2020-12,29,6,219,2.74,9,33.33
2020-12,30,13,219,5.94,6,-116.67
2020-12,31,8,219,3.65,13,38.46
2020-12,32,6,219,2.74,8,25
2020-12,33,9,219,4.11,6,-50
2020-12,34,11,219,5.02,9,-22.22
2020-12,35,16,219,7.31,11,-45.45
2020-12,36,8,219,3.65,16,50
2020-12,37,12,219,5.48,8,-50
2020-12,38,8,219,3.65,12,33.33
2020-12,39,11,219,5.02,8,-37.5
2020-12,40,11,219,5.02,11,0
2020-12,41,7,219,3.2,11,36.36
2020-12,42,6,219,2.74,7,14.29
2020-12,43,10,219,4.57,6,-66.67
2020-12,44,8,219,3.65,10,20
2020-12,45,9,219,4.11,8,-12.5
2020-12,46,10,219,4.57,9,-11.11
2020-12,47,11,219,5.02,10,-10
2020-12,48,4,219,1.83,11,63.64
2020-12,49,9,219,4.11,4,-125
2020-12,50,12,219,5.48,9,-33.33
2020-12,51,7,219,3.2,12,41.67
2020-12,52,6,219,2.74,7,14.29
2020-12,53,6,219,2.74,6,0
2020-12,54,4,219,1.83,6,33.33
2020-12,55,10,219,4.57,4,-150
2020-12,56,10,219,4.57,10,0
2020-12,57,9,219,4.11,10,10
2020-12,58,11,219,5.02,9,-22.22
2020-12,59,6,219,2.74,11,45.45
2020-12,60,7,219,3.2,6,-16.67
2020-12,61,10,219,4.57,7,-42.86
2020-12,62,7,219,3.2,10,30
2020-12,63,16,219,7.31,7,-128.57
2021-01,0,205,205,100,,
2021-01,1,4,205,1.95,205,98.05
2021-01,2,6,205,2.93,4,-50
2021-01,3,9,205,4.39,6,-50
2021-01,4,7,205,3.41,9,22.22
2021-01,5,7,205,3.41,7,0
2021-01,6,6,205,2.93,7,14.29
2021-01,7,8,205,3.9,6,-33.33
2021-01,8,8,205,3.9,8,0
2021-01,9,6,205,2.93,8,25
2021-01,10,8,205,3.9,6,-33.33
2021-01,11,8,205,3.9,8,0
2021-01,12,4,205,1.95,8,50
2021-01,13,4,205,1.95,4,0
2021-01,14,5,205,2.44,4,-25
2021-01,15,4,205,1.95,5,20
2021-01,16,7,205,3.41,4,-75
2021-01,17,10,205,4.88,7,-42.86
2021-01,18,13,205,6.34,10,-30
2021-01,19,9,205,4.39,13,30.77
2021-01,20,10,205,4.88,9,-11.11
2021-01,21,4,205,1.95,10,60
2021-01,22,8,205,3.9,4,-100
2021-01,23,8,205,3.9,8,0
2021-01,24,13,205,6.34,8,-62.5
2021-01,25,10,205,4.88,13,23.08
2021-01,26,7,205,3.41,10,30
2021-01,27,6,205,2.93,7,14.29
2021-01,28,6,205,2.93,6,0
2021-01,29,11,205,5.37,6,-83.33
2021-01,30,8,205,3.9,11,27.27
2021-01,31,6,205,2.93,8,25
2021-01,32,7,205,3.41,6,-16.67
2021-01,33,8,205,3.9,7,-14.29
2021-01,34,7,205,3.41,8,12.5
2021-01,35,4,205,1.95,7,42.86
2021-01,36,7,205,3.41,4,-75
2021-01,37,7,205,3.41,7,0
2021-01,38,11,205,5.37,7,-57.14
2021-01,39,9,205,4.39,11,18.18
2021-01,40,8,205,3.9,9,11.11
2021-01,41,8,205,3.9,8,0
2021-01,42,8,205,3.9,8,0
2021-01,43,12,205,5.85,8,-50
2021-01,44,8,205,3.9,12,33.33
2021-01,45,7,205,3.41,8,12.5
2021-01,46,7,205,3.41,7,0
2021-01,47,11,205,5.37,7,-57.14
2021-01,48,8,205,3.9,11,27.27
2021-01,49,11,205,5.37,8,-37.5
2021-01,50,9,205,4.39,11,18.18
2021-01,51,10,205,4.88,9,-11.11
2021-01,52,8,205,3.9,10,20
2021-01,53,9,205,4.39,8,-12.5
2021-01,54,8,205,3.9,9,11.11
2021-01,55,14,205,6.83,8,-75
2021-01,56,11,205,5.37,14,21.43
2021-01,57,9,205,4.39,11,18.18
2021-01,58,5,205,2.44,9,44.44
2021-01,59,4,205,1.95,5,20
2021-01,60,9,205,4.39,4,-125
2021-01,61,8,205,3.9,9,11.11
2021-01,62,10,205,4.88,8,-25
2021-02,0,183,183,100,,
2021-02,1,12,183,6.56,183,93.44
2021-02,2,4,183,2.19,12,66.67
2021-02,3,10,183,5.46,4,-150
2021-02,4,7,183,3.83,10,30
2021-02,5,5,183,2.73,7,28.57
2021-02,6,9,183,4.92,5,-80
2021-02,7,6,183,3.28,9,33.33
2021-02,8,5,183,2.73,6,16.67
2021-02,9,7,183,3.83,5,-40
2021-02,10,7,183,3.83,7,0
2021-02,11,7,183,3.83,7,0
2021-02,12,5,183,2.73,7,28.57
2021-02,13,4,183,2.19,5,20
2021-02,14,8,183,4.37,4,-100
2021-02,15,9,183,4.92,8,-12.5
2021-02,16,4,183,2.19,9,55.56
2021-02,17,10,183,5.46,4,-150
2021-02,18,13,183,7.1,10,-30
2021-02,19,7,183,3.83,13,46.15
2021-02,20,6,183,3.28,7,14.29
2021-02,21,7,183,3.83,6,-16.67
2021-02,22,10,183,5.46,7,-42.86
2021-02,23,9,183,4.92,10,10
2021-02,24,5,183,2.73,9,44.44
2021-02,25,8,183,4.37,5,-60
2021-02,26,7,183,3.83,8,12.5
2021-02,27,12,183,6.56,7,-71.43
2021-02,28,5,183,2.73,12,58.33
2021-02,29,10,183,5.46,5,-100
2021-02,30,10,183,5.46,10,0
2021-02,31,6,183,3.28,10,40
2021-02,32,8,183,4.37,6,-33.33
2021-02,33,10,183,5.46,8,-25
2021-02,34,9,183,4.92,10,10
2021-02,35,7,183,3.83,9,22.22
2021-02,36,4,183,2.19,7,42.86
2021-02,37,9,183,4.92,4,-125
2021-02,38,11,183,6.01,9,-22.22
2021-02,39,8,183,4.37,11,27.27
2021-02,40,6,183,3.28,8,25
2021-02,41,6,183,3.28,6,0
2021-02,42,7,183,3.83,6,-16.67
2021-02,43,8,183,4.37,7,-14.29
2021-02,44,7,183,3.83,8,12.5
2021-02,45,9,183,4.92,7,-28.57
2021-02,46,9,183,4.92,9,0
2021-02,47,11,183,6.01,9,-22.22
2021-02,48,11,183,6.01,11,0
2021-02,49,9,183,4.92,11,18.18
2021-02,50,9,183,4.92,9,0
2021-02,51,9,183,4.92,9,0
2021-02,52,9,183,4.92,9,0
2021-02,53,7,183,3.83,9,22.22
2021-02,54,9,183,4.92,7,-28.57
2021-02,55,6,183,3.28,9,33.33
2021-02,56,7,183,3.83,6,-16.67
2021-02,57,8,183,4.37,7,-14.29
2021-02,58,12,183,6.56,8,-50
2021-02,59,7,183,3.83,12,41.67
2021-02,60,13,183,7.1,7,-85.71
2021-02,61,9,183,4.92,13,30.77
2021-03,0,185,185,100,,
2021-03,1,5,185,2.7,185,97.3
2021-03,2,8,185,4.32,5,-60
2021-03,3,6,185,3.24,8,25
2021-03,4,6,185,3.24,6,0
2021-03,5,4,185,2.16,6,33.33
2021-03,6,6,185,3.24,4,-50
2021-03,7,9,185,4.86,6,-50
2021-03,8,8,185,4.32,9,11.11
2021-03,9,7,185,3.78,8,12.5
2021-03,10,10,185,5.41,7,-42.86
2021-03,11,6,185,3.24,10,40
2021-03,12,5,185,2.7,6,16.67
2021-03,13,7,185,3.78,5,-40
2021-03,14,9,185,4.86,7,-28.57
2021-03,15,6,185,3.24,9,33.33
2021-03,16,6,185,3.24,6,0
2021-03,17,8,185,4.32,6,-33.33
2021-03,18,10,185,5.41,8,-25
2021-03,19,11,185,5.95,10,-10
2021-03,20,10,185,5.41,11,9.09
2021-03,21,4,185,2.16,10,60
2021-03,22,10,185,5.41,4,-150
2021-03,23,4,185,2.16,10,60
2021-03,24,8,185,4.32,4,-100
2021-03,25,10,185,5.41,8,-25
2021-03,26,5,185,2.7,10,50
2021-03,27,7,185,3.78,5,-40
2021-03,28,7,185,3.78,7,0
2021-03,29,9,185,4.86,7,-28.57
2021-03,30,8,185,4.32,9,11.11
2021-03,31,8,185,4.32,8,0
2021-03,32,8,185,4.32,8,0
2021-03,33,13,185,7.03,8,-62.5
2021-03,34,8,185,4.32,13,38.46
2021-03,35,7,185,3.78,8,12.5
2021-03,36,11,185,5.95,7,-57.14
2021-03,37,5,185,2.7,11,54.55
2021-03,38,9,185,4.86,5,-80
2021-03,39,7,185,3.78,9,22.22
2021-03,40,7,185,3.78,7,0
2021-03,41,9,185,4.86,7,-28.57
2021-03,42,10,185,5.41,9,-11.11
2021-03,43,5,185,2.7,10,50
2021-03,44,6,185,3.24,5,-20
2021-03,45,9,185,4.86,6,-50
2021-03,46,5,185,2.7,9,44.44
2021-03,47,9,185,4.86,5,-80
2021-03,48,13,185,7.03,9,-44.44
2021-03,49,7,185,3.78,13,46.15
2021-03,50,7,185,3.78,7,0
2021-03,51,5,185,2.7,7,28.57
2021-03,52,12,185,6.49,5,-140
2021-03,53,6,185,3.24,12,50
2021-03,54,5,185,2.7,6,16.67
2021-03,55,4,185,2.16,5,20
2021-03,56,6,185,3.24,4,-50
2021-03,57,6,185,3.24,6,0
2021-03,58,10,185,5.41,6,-66.67
2021-03,59,7,185,3.78,10,30
2021-03,60,11,185,5.95,7,-57.14
2021-04,0,140,140,100,,
2021-04,1,5,140,3.57,140,96.43
2021-04,2,2,140,1.43,5,60
2021-04,3,7,140,5,2,-250
2021-04,4,8,140,5.71,7,-14.29
2021-04,5,9,140,6.43,8,-12.5
2021-04,6,9,140,6.43,9,0
2021-04,7,6,140,4.29,9,33.33
2021-04,8,7,140,5,6,-16.67
2021-04,9,5,140,3.57,7,28.57
2021-04,10,4,140,2.86,5,20
2021-04,11,8,140,5.71,4,-100
2021-04,12,4,140,2.86,8,50
2021-04,13,7,140,5,4,-75
2021-04,14,5,140,3.57,7,28.57
2021-04,15,5,140,3.57,5,0
2021-04,16,6,140,4.29,5,-20
2021-04,17,7,140,5,6,-16.67
2021-04,18,5,140,3.57,7,28.57
2021-04,19,5,140,3.57,5,0
2021-04,20,5,140,3.57,5,0
2021-04,21,6,140,4.29,5,-20
2021-04,22,3,140,2.14,6,50
2021-04,23,2,140,1.43,3,33.33
2021-04,24,7,140,5,2,-250
2021-04,25,8,140,5.71,7,-14.29
2021-04,26,4,140,2.86,8,50
2021-04,27,4,140,2.86,4,0
2021-04,28,4,140,2.86,4,0
2021-04,29,8,140,5.71,4,-100
2021-04,30,5,140,3.57,8,37.5
2021-04,31,5,140,3.57,5,0
2021-04,32,7,140,5,5,-40
2021-04,33,5,140,3.57,7,28.57
2021-04,34,3,140,2.14,5,40
2021-04,35,4,140,2.86,3,-33.33
2021-04,36,4,140,2.86,4,0
2021-04,37,5,140,3.57,4,-25
2021-04,38,3,140,2.14,5,40
2021-04,39,5,140,3.57,3,-66.67
2021-04,40,3,140,2.14,5,40
2021-04,41,3,140,2.14,3,0
2021-04,42,2,140,1.43,3,33.33
2021-04,43,3,140,2.14,2,-50
2021-04,44,3,140,2.14,3,0
2021-04,45,6,140,4.29,3,-100
2021-04,46,4,140,2.86,6,33.33
2021-04,47,8,140,5.71,4,-100
2021-04,48,5,140,3.57,8,37.5
2021-04,49,3,140,2.14,5,40
2021-04,50,8,140,5.71,3,-166.67
2021-04,51,8,140,5.71,8,0
2021-04,52,10,140,7.14,8,-25
2021-04,53,2,140,1.43,10,80
2021-04,54,8,140,5.71,2,-300
2021-04,55,5,140,3.57,8,37.5
2021-04,56,4,140,2.86,5,20
2021-04,57,3,140,2.14,4,25
2021-04,58,6,140,4.29,3,-100
2021-04,59,4,140,2.86,6,33.33
2021-05,0,164,164,100,,
2021-05,1,4,164,2.44,164,97.56
2021-05,2,8,164,4.88,4,-100
2021-05,3,5,164,3.05,8,37.5
2021-05,4,5,164,3.05,5,0
2021-05,5,9,164,5.49,5,-80
2021-05,6,4,164,2.44,9,55.56
2021-05,7,12,164,7.32,4,-200
2021-05,8,6,164,3.66,12,50
2021-05,9,3,164,1.83,6,50
2021-05,10,11,164,6.71,3,-266.67
2021-05,11,10,164,6.1,11,9.09
2021-05,12,6,164,3.66,10,40
2021-05,13,9,164,5.49,6,-50
2021-05,14,7,164,4.27,9,22.22
2021-05,15,5,164,3.05,7,28.57
2021-05,16,9,164,5.49,5,-80
2021-05,17,5,164,3.05,9,44.44
2021-05,18,9,164,5.49,5,-80
2021-05,19,6,164,3.66,9,33.33
2021-05,20,5,164,3.05,6,16.67
2021-05,21,6,164,3.66,5,-20
2021-05,22,3,164,1.83,6,50
2021-05,23,6,164,3.66,3,-100
2021-05,24,6,164,3.66,6,0
2021-05,25,6,164,3.66,6,0
2021-05,26,7,164,4.27,6,-16.67
2021-05,27,2,164,1.22,7,71.43
2021-05,28,6,164,3.66,2,-200
2021-05,29,7,164,4.27,6,-16.67
2021-05,30,7,164,4.27,7,0
2021-05,31,12,164,7.32,7,-71.43
2021-05,32,4,164,2.44,12,66.67
2021-05,33,9,164,5.49,4,-125
2021-05,34,14,164,8.54,9,-55.56
2021-05,35,4,164,2.44,14,71.43
2021-05,36,4,164,2.44,4,0
2021-05,37,14,164,8.54,4,-250
2021-05,38,7,164,4.27,14,50
2021-05,39,7,164,4.27,7,0
2021-05,40,6,164,3.66,7,14.29
2021-05,41,6,164,3.66,6,0
2021-05,42,6,164,3.66,6,0
2021-05,43,4,164,2.44,6,33.33
2021-05,44,10,164,6.1,4,-150
2021-05,45,7,164,4.27,10,30
2021-05,46,8,164,4.88,7,-14.29
2021-05,47,0,164,0,8,100
2021-05,48,9,164,5.49,0,
2021-05,49,7,164,4.27,9,22.22
2021-05,50,7,164,4.27,7,0
2021-05,51,5,164,3.05,7,28.57
2021-05,52,2,164,1.22,5,60
2021-05,53,5,164,3.05,2,-150
2021-05,54,10,164,6.1,5,-100
2021-05,55,9,164,5.49,10,10
2021-05,56,5,164,3.05,9,44.44
2021-05,57,9,164,5.49,5,-80
2021-05,58,5,164,3.05,9,44.44
2021-06,0,158,158,100,,
2021-06,1,6,158,3.8,158,96.2
2021-06,2,4,158,2.53,6,33.33
2021-06,3,3,158,1.9,4,25
2021-06,4,8,158,5.06,3,-166.67
2021-06,5,6,158,3.8,8,25
2021-06,6,11,158,6.96,6,-83.33
2021-06,7,6,158,3.8,11,45.45
2021-06,8,1,158,0.63,6,83.33
2021-06,9,5,158,3.16,1,-400
2021-06,10,7,158,4.43,5,-40
2021-06,11,9,158,5.7,7,-28.57
2021-06,12,5,158,3.16,9,44.44
2021-06,13,6,158,3.8,5,-20
2021-06,14,4,158,2.53,6,33.33
2021-06,15,3,158,1.9,4,25
2021-06,16,11,158,6.96,3,-266.67
2021-06,17,6,158,3.8,11,45.45
2021-06,18,5,158,3.16,6,16.67
2021-06,19,7,158,4.43,5,-40
2021-06,20,4,158,2.53,7,42.86
2021-06,21,5,158,3.16,4,-25
2021-06,22,6,158,3.8,5,-20
2021-06,23,3,158,1.9,6,50
2021-06,24,9,158,5.7,3,-200
2021-06,25,10,158,6.33,9,-11.11
2021-06,26,3,158,1.9,10,70
2021-06,27,8,158,5.06,3,-166.67
2021-06,28,7,158,4.43,8,12.5
2021-06,29,7,158,4.43,7,0
2021-06,30,10,158,6.33,7,-42.86
2021-06,31,7,158,4.43,10,30
2021-06,32,3,158,1.9,7,57.14
2021-06,33,4,158,2.53,3,-33.33
2021-06,34,1,158,0.63,4,75
2021-06,35,5,158,3.16,1,-400
2021-06,36,5,158,3.16,5,0
2021-06,37,7,158,4.43,5,-40
2021-06,38,5,158,3.16,7,28.57
2021-06,39,7,158,4.43,5,-40
2021-06,40,8,158,5.06,7,-14.29
2021-06,41,7,158,4.43,8,12.5
2021-06,42,5,158,3.16,7,28.57
2021-06,43,6,158,3.8,5,-20
2021-06,44,1,158,0.63,6,83.33
2021-06,45,9,158,5.7,1,-800
2021-06,46,5,158,3.16,9,44.44
2021-06,47,8,158,5.06,5,-60
2021-06,48,7,158,4.43,8,12.5
2021-06,49,8,158,5.06,7,-14.29
2021-06,50,8,158,5.06,8,0
2021-06,51,7,158,4.43,8,12.5
2021-06,52,11,158,6.96,7,-57.14
2021-06,53,3,158,1.9,11,72.73
2021-06,54,8,158,5.06,3,-166.67
2021-06,55,4,158,2.53,8,50
2021-06,56,6,158,3.8,4,-50
2021-06,57,8,158,5.06,6,-33.33
2021-07,0,164,164,100,,
2021-07,1,6,164,3.66,164,96.34
2021-07,2,9,164,5.49,6,-50
2021-07,3,10,164,6.1,9,-11.11
2021-07,4,4,164,2.44,10,60
2021-07,5,13,164,7.93,4,-225
2021-07,6,4,164,2.44,13,69.23
2021-07,7,6,164,3.66,4,-50
2021-07,8,7,164,4.27,6,-16.67
2021-07,9,4,164,2.44,7,42.86
2021-07,10,5,164,3.05,4,-25
2021-07,11,5,164,3.05,5,0
2021-07,12,7,164,4.27,5,-40
2021-07,13,9,164,5.49,7,-28.57
2021-07,14,9,164,5.49,9,0
2021-07,15,5,164,3.05,9,44.44
2021-07,16,11,164,6.71,5,-120
2021-07,17,4,164,2.44,11,63.64
2021-07,18,8,164,4.88,4,-100
2021-07,19,3,164,1.83,8,62.5
2021-07,20,8,164,4.88,3,-166.67
2021-07,21,7,164,4.27,8,12.5
2021-07,22,7,164,4.27,7,0
2021-07,23,6,164,3.66,7,14.29
2021-07,24,3,164,1.83,6,50
2021-07,25,8,164,4.88,3,-166.67
2021-07,26,8,164,4.88,8,0
2021-07,27,4,164,2.44,8,50
2021-07,28,10,164,6.1,4,-150
2021-07,29,5,164,3.05,10,50
2021-07,30,6,164,3.66,5,-20
2021-07,31,4,164,2.44,6,33.33
2021-07,32,9,164,5.49,4,-125
2021-07,33,8,164,4.88,9,11.11
2021-07,34,7,164,4.27,8,12.5
2021-07,35,3,164,1.83,7,57.14
2021-07,36,6,164,3.66,3,-100
2021-07,37,8,164,4.88,6,-33.33
2021-07,38,3,164,1.83,8,62.5
2021-07,39,7,164,4.27,3,-133.33
2021-07,40,2,164,1.22,7,71.43
2021-07,41,3,164,1.83,2,-50
2021-07,42,4,164,2.44,3,-33.33
2021-07,43,8,164,4.88,4,-100
2021-07,44,8,164,4.88,8,0
2021-07,45,7,164,4.27,8,12.5
2021-07,46,11,164,6.71,7,-57.14
2021-07,47,3,164,1.83,11,72.73
2021-07,48,9,164,5.49,3,-200
2021-07,49,11,164,6.71,9,-22.22
2021-07,50,5,164,3.05,11,54.55
2021-07,51,8,164,4.88,5,-60
2021-07,52,3,164,1.83,8,62.5
2021-07,53,6,164,3.66,3,-100
2021-07,54,7,164,4.27,6,-16.67
2021-07,55,6,164,3.66,7,14.29
2021-07,56,10,164,6.1,6,-66.67
2021-08,0,147,147,100,,
2021-08,1,3,147,2.04,147,97.96
2021-08,2,13,147,8.84,3,-333.33
2021-08,3,4,147,2.72,13,69.23
2021-08,4,7,147,4.76,4,-75
2021-08,5,7,147,4.76,7,0
2021-08,6,9,147,6.12,7,-28.57
2021-08,7,5,147,3.4,9,44.44
2021-08,8,8,147,5.44,5,-60
2021-08,9,7,147,4.76,8,12.5
2021-08,10,7,147,4.76,7,0
2021-08,11,10,147,6.8,7,-42.86
2021-08,12,6,147,4.08,10,40
2021-08,13,8,147,5.44,6,-33.33
2021-08,14,8,147,5.44,8,0
2021-08,15,3,147,2.04,8,62.5
2021-08,16,3,147,2.04,3,0
2021-08,17,8,147,5.44,3,-166.67
2021-08,18,7,147,4.76,8,12.5
2021-08,19,5,147,3.4,7,28.57
2021-08,20,10,147,6.8,5,-100
2021-08,21,3,147,2.04,10,70
2021-08,22,6,147,4.08,3,-100
2021-08,23,6,147,4.08,6,0
2021-08,24,8,147,5.44,6,-33.33
2021-08,25,5,147,3.4,8,37.5
2021-08,26,7,147,4.76,5,-40
2021-08,27,7,147,4.76,7,0
2021-08,28,7,147,4.76,7,0
2021-08,29,7,147,4.76,7,0
2021-08,30,8,147,5.44,7,-14.29
2021-08,31,1,147,0.68,8,87.5
2021-08,32,7,147,4.76,1,-600
2021-08,33,8,147,5.44,7,-14.29
2021-08,34,8,147,5.44,8,0
2021-08,35,5,147,3.4,8,37.5
2021-08,36,1,147,0.68,5,80
2021-08,37,5,147,3.4,1,-400
2021-08,38,8,147,5.44,5,-60
2021-08,39,5,147,3.4,8,37.5
2021-08,40,8,147,5.44,5,-60
2021-08,41,7,147,4.76,8,12.5
2021-08,42,5,147,3.4,7,28.57
2021-08,43,9,147,6.12,5,-80
2021-08,44,4,147,2.72,9,55.56
2021-08,45,6,147,4.08,4,-50
2021-08,46,5,147,3.4,6,16.67
2021-08,47,7,147,4.76,5,-40
2021-08,48,8,147,5.44,7,-14.29
2021-08,49,4,147,2.72,8,50
2021-08,50,5,147,3.4,4,-25
2021-08,51,3,147,2.04,5,40
2021-08,52,5,147,3.4,3,-66.67
2021-08,53,10,147,6.8,5,-100
2021-08,54,5,147,3.4,10,50
2021-08,55,6,147,4.08,5,-20
2021-09,0,142,142,100,,
2021-09,1,6,142,4.23,142,95.77
2021-09,2,3,142,2.11,6,50
2021-09,3,8,142,5.63,3,-166.67
2021-09,4,5,142,3.52,8,37.5
2021-09,5,10,142,7.04,5,-100
2021-09,6,5,142,3.52,10,50
2021-09,7,11,142,7.75,5,-120
2021-09,8,5,142,3.52,11,54.55
2021-09,9,3,142,2.11,5,40
2021-09,10,4,142,2.82,3,-33.33
2021-09,11,6,142,4.23,4,-50
2021-09,12,5,142,3.52,6,16.67
2021-09,13,9,142,6.34,5,-80
2021-09,14,8,142,5.63,9,11.11
2021-09,15,3,142,2.11,8,62.5
2021-09,16,2,142,1.41,3,33.33
2021-09,17,2,142,1.41,2,0
2021-09,18,11,142,7.75,2,-450
2021-09,19,8,142,5.63,11,27.27
2021-09,20,9,142,6.34,8,-12.5
2021-09,21,4,142,2.82,9,55.56
2021-09,22,11,142,7.75,4,-175
2021-09,23,8,142,5.63,11,27.27
2021-09,24,3,142,2.11,8,62.5
2021-09,25,2,142,1.41,3,33.33
2021-09,26,9,142,6.34,2,-350
2021-09,27,7,142,4.93,9,22.22
2021-09,28,3,142,2.11,7,57.14
2021-09,29,5,142,3.52,3,-66.67
2021-09,30,3,142,2.11,5,40
2021-09,31,2,142,1.41,3,33.33
2021-09,32,4,142,2.82,2,-100
2021-09,33,5,142,3.52,4,-25
2021-09,34,4,142,2.82,5,20
2021-09,35,10,142,7.04,4,-150
2021-09,36,6,142,4.23,10,40
2021-09,37,3,142,2.11,6,50
2021-09,38,8,142,5.63,3,-166.67
2021-09,39,4,142,2.82,8,50
2021-09,40,3,142,2.11,4,25
2021-09,41,4,142,2.82,3,-33.33
2021-09,42,9,142,6.34,4,-125
2021-09,43,3,142,2.11,9,66.67
2021-09,44,3,142,2.11,3,0
2021-09,45,4,142,2.82,3,-33.33
2021-09,46,7,142,4.93,4,-75
2021-09,47,4,142,2.82,7,42.86
2021-09,48,8,142,5.63,4,-100
2021-09,49,9,142,6.34,8,-12.5
2021-09,50,7,142,4.93,9,22.22
2021-09,51,4,142,2.82,7,42.86
2021-09,52,7,142,4.93,4,-75
2021-09,53,8,142,5.63,7,-14.29
2021-09,54,12,142,8.45,8,-50
2021-10,0,143,143,100,,
2021-10,1,10,143,6.99,143,93.01
2021-10,2,6,143,4.2,10,40
2021-10,3,3,143,2.1,6,50
2021-10,4,4,143,2.8,3,-33.33
2021-10,5,5,143,3.5,4,-25
2021-10,6,4,143,2.8,5,20
2021-10,7,6,143,4.2,4,-50
2021-10,8,4,143,2.8,6,33.33
2021-10,9,4,143,2.8,4,0
2021-10,10,7,143,4.9,4,-75
2021-10,11,5,143,3.5,7,28.57
2021-10,12,8,143,5.59,5,-60
2021-10,13,10,143,6.99,8,-25
2021-10,14,8,143,5.59,10,20
2021-10,15,6,143,4.2,8,25
2021-10,16,5,143,3.5,6,16.67
2021-10,17,8,143,5.59,5,-60
2021-10,18,4,143,2.8,8,50
2021-10,19,3,143,2.1,4,25
2021-10,20,12,143,8.39,3,-300
2021-10,21,9,143,6.29,12,25
2021-10,22,5,143,3.5,9,44.44
2021-10,23,8,143,5.59,5,-60
2021-10,24,5,143,3.5,8,37.5
2021-10,25,5,143,3.5,5,0
2021-10,26,6,143,4.2,5,-20
2021-10,27,6,143,4.2,6,0
2021-10,28,7,143,4.9,6,-16.67
2021-10,29,5,143,3.5,7,28.57
2021-10,30,5,143,3.5,5,0
2021-10,31,4,143,2.8,5,20
2021-10,32,3,143,2.1,4,25
2021-10,33,12,143,8.39,3,-300
2021-10,34,6,143,4.2,12,50
2021-10,35,3,143,2.1,6,50
2021-10,36,3,143,2.1,3,0
2021-10,37,10,143,6.99,3,-233.33
2021-10,38,6,143,4.2,10,40
2021-10,39,7,143,4.9,6,-16.67
2021-10,40,7,143,4.9,7,0
2021-10,41,5,143,3.5,7,28.57
2021-10,42,5,143,3.5,5,0
2021-10,43,11,143,7.69,5,-120
2021-10,44,6,143,4.2,11,45.45
2021-10,45,1,143,0.7,6,83.33
2021-10,46,2,143,1.4,1,-100
2021-10,47,6,143,4.2,2,-200
2021-10,48,8,143,5.59,6,-33.33
2021-10,49,5,143,3.5,8,37.5
2021-10,50,6,143,4.2,5,-20
2021-10,51,5,143,3.5,6,16.67
2021-10,52,8,143,5.59,5,-60
2021-10,53,5,143,3.5,8,37.5
2021-11,0,144,144,100,,
2021-11,1,7,144,4.86,144,95.14
2021-11,2,8,144,5.56,7,-14.29
2021-11,3,5,144,3.47,8,37.5
2021-11,4,7,144,4.86,5,-40
2021-11,5,6,144,4.17,7,14.29
2021-11,6,7,144,4.86,6,-16.67
2021-11,7,4,144,2.78,7,42.86
2021-11,8,6,144,4.17,4,-50
2021-11,9,5,144,3.47,6,16.67
2021-11,10,4,144,2.78,5,20
2021-11,11,5,144,3.47,4,-25
2021-11,12,8,144,5.56,5,-60
2021-11,13,7,144,4.86,8,12.5
2021-11,14,8,144,5.56,7,-14.29
2021-11,15,3,144,2.08,8,62.5
2021-11,16,5,144,3.47,3,-66.67
2021-11,17,7,144,4.86,5,-40
2021-11,18,5,144,3.47,7,28.57
2021-11,19,5,144,3.47,5,0
2021-11,20,8,144,5.56,5,-60
2021-11,21,2,144,1.39,8,75
2021-11,22,3,144,2.08,2,-50
2021-11,23,5,144,3.47,3,-66.67
2021-11,24,7,144,4.86,5,-40
2021-11,25,6,144,4.17,7,14.29
2021-11,26,8,144,5.56,6,-33.33
2021-11,27,5,144,3.47,8,37.5
2021-11,28,8,144,5.56,5,-60
2021-11,29,6,144,4.17,8,25
2021-11,30,3,144,2.08,6,50
2021-11,31,2,144,1.39,3,33.33
2021-11,32,6,144,4.17,2,-200
2021-11,33,3,144,2.08,6,50
2021-11,34,5,144,3.47,3,-66.67
2021-11,35,5,144,3.47,5,0
2021-11,36,3,144,2.08,5,40
2021-11,37,6,144,4.17,3,-100
2021-11,38,7,144,4.86,6,-16.67
2021-11,39,8,144,5.56,7,-14.29
2021-11,40,10,144,6.94,8,-25
2021-11,41,5,144,3.47,10,50
2021-11,42,6,144,4.17,5,-20
2021-11,43,2,144,1.39,6,66.67
2021-11,44,5,144,3.47,2,-150
2021-11,45,2,144,1.39,5,60
2021-11,46,6,144,4.17,2,-200
2021-11,47,8,144,5.56,6,-33.33
2021-11,48,7,144,4.86,8,12.5
2021-11,49,5,144,3.47,7,28.57
2021-11,50,6,144,4.17,5,-20
2021-11,51,5,144,3.47,6,16.67
2021-11,52,5,144,3.47,5,0
2021-12,0,129,129,100,,
2021-12,1,8,129,6.2,129,93.8
2021-12,2,3,129,2.33,8,62.5
2021-12,3,2,129,1.55,3,33.33
2021-12,4,4,129,3.1,2,-100
2021-12,5,1,129,0.78,4,75
2021-12,6,3,129,2.33,1,-200
2021-12,7,6,129,4.65,3,-100
2021-12,8,7,129,5.43,6,-16.67
2021-12,9,5,129,3.88,7,28.57
2021-12,10,3,129,2.33,5,40
2021-12,11,6,129,4.65,3,-100
2021-12,12,5,129,3.88,6,16.67
2021-12,13,6,129,4.65,5,-20
2021-12,14,9,129,6.98,6,-50
2021-12,15,5,129,3.88,9,44.44
2021-12,16,5,129,3.88,5,0
2021-12,17,6,129,4.65,5,-20
2021-12,18,10,129,7.75,6,-66.67
2021-12,19,8,129,6.2,10,20
2021-12,20,8,129,6.2,8,0
2021-12,21,3,129,2.33,8,62.5
2021-12,22,5,129,3.88,3,-66.67
2021-12,23,6,129,4.65,5,-20
2021-12,24,3,129,2.33,6,50
2021-12,25,8,129,6.2,3,-166.67
2021-12,26,2,129,1.55,8,75
2021-12,27,2,129,1.55,2,0
2021-12,28,7,129,5.43,2,-250
2021-12,29,3,129,2.33,7,57.14
2021-12,30,5,129,3.88,3,-66.67
2021-12,31,1,129,0.78,5,80
2021-12,32,7,129,5.43,1,-600
2021-12,33,3,129,2.33,7,57.14
2021-12,34,4,129,3.1,3,-33.33
2021-12,35,6,129,4.65,4,-50
2021-12,36,5,129,3.88,6,16.67
2021-12,37,4,129,3.1,5,20
2021-12,38,4,129,3.1,4,0
2021-12,39,5,129,3.88,4,-25
2021-12,40,6,129,4.65,5,-20
2021-12,41,5,129,3.88,6,16.67
2021-12,42,9,129,6.98,5,-80
2021-12,43,4,129,3.1,9,55.56
2021-12,44,8,129,6.2,4,-100
2021-12,45,9,129,6.98,8,-12.5
2021-12,46,6,129,4.65,9,33.33
2021-12,47,4,129,3.1,6,33.33
2021-12,48,7,129,5.43,4,-75
2021-12,49,7,129,5.43,7,0
2021-12,50,4,129,3.1,7,42.86
2021-12,51,7,129,5.43,4,-75
2022-01,0,132,132,100,,
2022-01,1,7,132,5.3,132,94.7
2022-01,2,5,132,3.79,7,28.57
2022-01,3,3,132,2.27,5,40
2022-01,4,2,132,1.52,3,33.33
2022-01,5,3,132,2.27,2,-50
2022-01,6,4,132,3.03,3,-33.33
2022-01,7,3,132,2.27,4,25
2022-01,8,4,132,3.03,3,-33.33
2022-01,9,5,132,3.79,4,-25
2022-01,10,4,132,3.03,5,20
2022-01,11,5,132,3.79,4,-25
2022-01,12,6,132,4.55,5,-20
2022-01,13,8,132,6.06,6,-33.33
2022-01,14,5,132,3.79,8,37.5
2022-01,15,7,132,5.3,5,-40
2022-01,16,2,132,1.52,7,71.43
2022-01,17,11,132,8.33,2,-450
2022-01,18,1,132,0.76,11,90.91
2022-01,19,5,132,3.79,1,-400
2022-01,20,5,132,3.79,5,0
2022-01,21,5,132,3.79,5,0
2022-01,22,2,132,1.52,5,60
2022-01,23,8,132,6.06,2,-300
2022-01,24,7,132,5.3,8,12.5
2022-01,25,7,132,5.3,7,0
2022-01,26,3,132,2.27,7,57.14
2022-01,27,7,132,5.3,3,-133.33
2022-01,28,7,132,5.3,7,0
2022-01,29,8,132,6.06,7,-14.29
2022-01,30,8,132,6.06,8,0
2022-01,31,3,132,2.27,8,62.5
2022-01,32,7,132,5.3,3,-133.33
2022-01,33,2,132,1.52,7,71.43
2022-01,34,5,132,3.79,2,-150
2022-01,35,3,132,2.27,5,40
2022-01,36,7,132,5.3,3,-133.33
2022-01,37,4,132,3.03,7,42.86
2022-01,38,5,132,3.79,4,-25
2022-01,39,9,132,6.82,5,-80
2022-01,40,4,132,3.03,9,55.56
2022-01,41,9,132,6.82,4,-125
2022-01,42,4,132,3.03,9,55.56
2022-01,43,5,132,3.79,4,-25
2022-01,44,6,132,4.55,5,-20
2022-01,45,6,132,4.55,6,0
2022-01,46,6,132,4.55,6,0
2022-01,47,7,132,5.3,6,-16.67
2022-01,48,8,132,6.06,7,-14.29
2022-01,49,4,132,3.03,8,50
2022-01,50,7,132,5.3,4,-75
2022-02,0,104,104,100,,
2022-02,1,8,104,7.69,104,92.31
2022-02,2,2,104,1.92,8,75
2022-02,3,7,104,6.73,2,-250
2022-02,4,3,104,2.88,7,57.14
2022-02,5,8,104,7.69,3,-166.67
2022-02,6,5,104,4.81,8,37.5
2022-02,7,7,104,6.73,5,-40
2022-02,8,6,104,5.77,7,14.29
2022-02,9,5,104,4.81,6,16.67
2022-02,10,3,104,2.88,5,40
2022-02,11,4,104,3.85,3,-33.33
2022-02,12,6,104,5.77,4,-50
2022-02,13,2,104,1.92,6,66.67
2022-02,14,4,104,3.85,2,-100
2022-02,15,3,104,2.88,4,25
2022-02,16,8,104,7.69,3,-166.67
2022-02,17,3,104,2.88,8,62.5
2022-02,18,5,104,4.81,3,-66.67
2022-02,19,7,104,6.73,5,-40
2022-02,20,2,104,1.92,7,71.43
2022-02,21,8,104,7.69,2,-300
2022-02,22,8,104,7.69,8,0
2022-02,23,3,104,2.88,8,62.5
2022-02,24,7,104,6.73,3,-133.33
2022-02,25,2,104,1.92,7,71.43
2022-02,26,5,104,4.81,2,-150
2022-02,27,3,104,2.88,5,40
2022-02,28,3,104,2.88,3,0
2022-02,29,3,104,2.88,3,0
2022-02,30,5,104,4.81,3,-66.67
2022-02,31,4,104,3.85,5,20
2022-02,32,6,104,5.77,4,-50
2022-02,33,5,104,4.81,6,16.67
2022-02,34,4,104,3.85,5,20
2022-02,35,4,104,3.85,4,0
2022-02,36,5,104,4.81,4,-25
2022-02,37,6,104,5.77,5,-20
2022-02,38,5,104,4.81,6,16.67
2022-02,39,8,104,7.69,5,-60
2022-02,40,5,104,4.81,8,37.5
2022-02,41,3,104,2.88,5,40
2022-02,42,4,104,3.85,3,-33.33
2022-02,43,4,104,3.85,4,0
2022-02,44,6,104,5.77,4,-50
2022-02,45,6,104,5.77,6,0
2022-02,46,3,104,2.88,6,50
2022-02,47,7,104,6.73,3,-133.33
2022-02,48,7,104,6.73,7,0
2022-02,49,4,104,3.85,7,42.86
2022-03,0,109,109,100,,
2022-03,1,4,109,3.67,109,96.33
2022-03,2,3,109,2.75,4,25
2022-03,3,4,109,3.67,3,-33.33
2022-03,4,5,109,4.59,4,-25
2022-03,5,5,109,4.59,5,0
2022-03,6,6,109,5.5,5,-20
2022-03,7,7,109,6.42,6,-16.67
2022-03,8,8,109,7.34,7,-14.29
2022-03,9,7,109,6.42,8,12.5
2022-03,10,4,109,3.67,7,42.86
2022-03,11,4,109,3.67,4,0
2022-03,12,2,109,1.83,4,50
2022-03,13,3,109,2.75,2,-50
2022-03,14,1,109,0.92,3,66.67
2022-03,15,5,109,4.59,1,-400
2022-03,16,3,109,2.75,5,40
2022-03,17,4,109,3.67,3,-33.33
2022-03,18,6,109,5.5,4,-50
2022-03,19,4,109,3.67,6,33.33
2022-03,20,3,109,2.75,4,25
2022-03,21,2,109,1.83,3,33.33
2022-03,22,5,109,4.59,2,-150
2022-03,23,2,109,1.83,5,60
2022-03,24,7,109,6.42,2,-250
2022-03,25,5,109,4.59,7,28.57
2022-03,26,4,109,3.67,5,20
2022-03,27,3,109,2.75,4,25
2022-03,28,5,109,4.59,3,-66.67
2022-03,29,4,109,3.67,5,20
2022-03,30,4,109,3.67,4,0
2022-03,31,1,109,0.92,4,75
2022-03,32,1,109,0.92,1,0
2022-03,33,3,109,2.75,1,-200
2022-03,34,8,109,7.34,3,-166.67
2022-03,35,6,109,5.5,8,25
2022-03,36,3,109,2.75,6,50
2022-03,37,10,109,9.17,3,-233.33
2022-03,38,4,109,3.67,10,60
2022-03,39,11,109,10.09,4,-175
2022-03,40,2,109,1.83,11,81.82
2022-03,41,4,109,3.67,2,-100
2022-03,42,4,109,3.67,4,0
2022-03,43,3,109,2.75,4,25
2022-03,44,7,109,6.42,3,-133.33
2022-03,45,8,109,7.34,7,-14.29
2022-03,46,7,109,6.42,8,12.5
2022-03,47,4,109,3.67,7,42.86
2022-03,48,2,109,1.83,4,50
2022-04,0,109,109,100,,
2022-04,1,7,109,6.42,109,93.58
2022-04,2,4,109,3.67,7,42.86
2022-04,3,3,109,2.75,4,25
2022-04,4,3,109,2.75,3,0
2022-04,5,4,109,3.67,3,-33.33
2022-04,6,7,109,6.42,4,-75
2022-04,7,2,109,1.83,7,71.43
2022-04,8,5,109,4.59,2,-150
2022-04,9,4,109,3.67,5,20
2022-04,10,5,109,4.59,4,-25
2022-04,11,3,109,2.75,5,40
2022-04,12,2,109,1.83,3,33.33
2022-04,13,6,109,5.5,2,-200
2022-04,14,2,109,1.83,6,66.67
2022-04,15,4,109,3.67,2,-100
2022-04,16,3,109,2.75,4,25
2022-04,17,2,109,1.83,3,33.33
2022-04,18,1,109,0.92,2,50
2022-04,19,4,109,3.67,1,-300
2022-04,20,4,109,3.67,4,0
2022-04,21,3,109,2.75,4,25
2022-04,22,7,109,6.42,3,-133.33
2022-04,23,4,109,3.67,7,42.86
2022-04,24,2,109,1.83,4,50
2022-04,25,1,109,0.92,2,50
2022-04,26,5,109,4.59,1,-400
2022-04,27,5,109,4.59,5,0
2022-04,28,1,109,0.92,5,80
2022-04,29,8,109,7.34,1,-700
2022-04,30,4,109,3.67,8,50
2022-04,31,7,109,6.42,4,-75
2022-04,32,2,109,1.83,7,71.43
2022-04,33,3,109,2.75,2,-50
2022-04,34,2,109,1.83,3,33.33
2022-04,35,3,109,2.75,2,-50
2022-04,36,3,109,2.75,3,0
2022-04,37,2,109,1.83,3,33.33
2022-04,38,4,109,3.67,2,-100
2022-04,39,8,109,7.34,4,-100
2022-04,40,6,109,5.5,8,25
2022-04,41,7,109,6.42,6,-16.67
2022-04,42,4,109,3.67,7,42.86
2022-04,43,2,109,1.83,4,50
2022-04,44,4,109,3.67,2,-100
2022-04,45,5,109,4.59,4,-25
2022-04,46,5,109,4.59,5,0
2022-04,47,6,109,5.5,5,-20
2022-05,0,99,99,100,,
2022-05,1,3,99,3.03,99,96.97
2022-05,2,3,99,3.03,3,0
2022-05,3,2,99,2.02,3,33.33
2022-05,4,3,99,3.03,2,-50
2022-05,5,6,99,6.06,3,-100
2022-05,6,4,99,4.04,6,33.33
2022-05,7,1,99,1.01,4,75
2022-05,8,1,99,1.01,1,0
2022-05,9,3,99,3.03,1,-200
2022-05,10,5,99,5.05,3,-66.67
2022-05,11,8,99,8.08,5,-60
2022-05,12,4,99,4.04,8,50
2022-05,13,4,99,4.04,4,0
2022-05,14,3,99,3.03,4,25
2022-05,15,4,99,4.04,3,-33.33
2022-05,16,7,99,7.07,4,-75
2022-05,17,5,99,5.05,7,28.57
2022-05,18,6,99,6.06,5,-20
2022-05,19,6,99,6.06,6,0
2022-05,20,5,99,5.05,6,16.67
2022-05,21,4,99,4.04,5,20
2022-05,22,5,99,5.05,4,-25
2022-05,23,4,99,4.04,5,20
2022-05,24,1,99,1.01,4,75
2022-05,25,3,99,3.03,1,-200
2022-05,26,3,99,3.03,3,0
2022-05,27,7,99,7.07,3,-133.33
2022-05,28,6,99,6.06,7,14.29
2022-05,29,1,99,1.01,6,83.33
2022-05,30,3,99,3.03,1,-200
2022-05,31,5,99,5.05,3,-66.67
2022-05,32,0,99,0,5,100
2022-05,33,7,99,7.07,0,
2022-05,34,6,99,6.06,7,14.29
2022-05,35,4,99,4.04,6,33.33
2022-05,36,7,99,7.07,4,-75
2022-05,37,6,99,6.06,7,14.29
2022-05,38,4,99,4.04,6,33.33
2022-05,39,4,99,4.04,4,0
2022-05,40,5,99,5.05,4,-25
2022-05,41,7,99,7.07,5,-40
2022-05,42,3,99,3.03,7,57.14
2022-05,43,5,99,5.05,3,-66.67
2022-05,44,6,99,6.06,5,-20
2022-05,45,4,99,4.04,6,33.33
2022-05,46,6,99,6.06,4,-50
2022-06,0,110,110,100,,
2022-06,1,5,110,4.55,110,95.45
2022-06,2,6,110,5.45,5,-20
2022-06,3,6,110,5.45,6,0
2022-06,4,4,110,3.64,6,33.33
2022-06,5,4,110,3.64,4,0
2022-06,6,7,110,6.36,4,-75
2022-06,7,7,110,6.36,7,0
2022-06,8,6,110,5.45,7,14.29
2022-06,9,3,110,2.73,6,50
2022-06,10,5,110,4.55,3,-66.67
2022-06,11,5,110,4.55,5,0
2022-06,12,3,110,2.73,5,40
2022-06,13,6,110,5.45,3,-100
2022-06,14,3,110,2.73,6,50
2022-06,15,2,110,1.82,3,33.33
2022-06,16,1,110,0.91,2,50
2022-06,17,3,110,2.73,1,-200
2022-06,18,7,110,6.36,3,-133.33
2022-06,19,4,110,3.64,7,42.86
2022-06,20,4,110,3.64,4,0
2022-06,21,6,110,5.45,4,-50
2022-06,22,1,110,0.91,6,83.33
2022-06,23,4,110,3.64,1,-300
2022-06,24,11,110,10,4,-175
2022-06,25,2,110,1.82,11,81.82
2022-06,26,5,110,4.55,2,-150
2022-06,27,3,110,2.73,5,40
2022-06,28,1,110,0.91,3,66.67
2022-06,29,2,110,1.82,1,-100
2022-06,30,8,110,7.27,2,-300
2022-06,31,2,110,1.82,8,75
2022-06,32,5,110,4.55,2,-150
2022-06,33,2,110,1.82,5,60
2022-06,34,5,110,4.55,2,-150
2022-06,35,3,110,2.73,5,40
2022-06,36,1,110,0.91,3,66.67
2022-06,37,2,110,1.82,1,-100
2022-06,38,3,110,2.73,2,-50
2022-06,39,4,110,3.64,3,-33.33
2022-06,40,4,110,3.64,4,0
2022-06,41,5,110,4.55,4,-25
2022-06,42,10,110,9.09,5,-100
2022-06,43,3,110,2.73,10,70
2022-06,44,2,110,1.82,3,33.33
2022-06,45,5,110,4.55,2,-150
2022-07,0,77,77,100,,
2022-07,1,5,77,6.49,77,93.51
2022-07,2,3,77,3.9,5,40
2022-07,3,3,77,3.9,3,0
2022-07,4,4,77,5.19,3,-33.33
2022-07,5,1,77,1.3,4,75
2022-07,6,6,77,7.79,1,-500
2022-07,7,1,77,1.3,6,83.33
2022-07,8,4,77,5.19,1,-300
2022-07,9,2,77,2.6,4,50
2022-07,10,5,77,6.49,2,-150
2022-07,11,3,77,3.9,5,40
2022-07,12,4,77,5.19,3,-33.33
2022-07,13,2,77,2.6,4,50
2022-07,14,4,77,5.19,2,-100
2022-07,15,4,77,5.19,4,0
2022-07,16,2,77,2.6,4,50
2022-07,17,2,77,2.6,2,0
2022-07,18,2,77,2.6,2,0
2022-07,19,3,77,3.9,2,-50
2022-07,20,5,77,6.49,3,-66.67
2022-07,21,1,77,1.3,5,80
2022-07,22,3,77,3.9,1,-200
2022-07,23,2,77,2.6,3,33.33
2022-07,24,5,77,6.49,2,-150
2022-07,25,1,77,1.3,5,80
2022-07,26,4,77,5.19,1,-300
2022-07,27,2,77,2.6,4,50
2022-07,28,3,77,3.9,2,-50
2022-07,29,1,77,1.3,3,66.67
2022-07,30,3,77,3.9,1,-200
2022-07,31,4,77,5.19,3,-33.33
2022-07,32,2,77,2.6,4,50
2022-07,33,5,77,6.49,2,-150
2022-07,34,2,77,2.6,5,60
2022-07,35,8,77,10.39,2,-300
2022-07,36,1,77,1.3,8,87.5
2022-07,37,5,77,6.49,1,-400
2022-07,38,2,77,2.6,5,60
2022-07,39,7,77,9.09,2,-250
2022-07,40,3,77,3.9,7,57.14
2022-07,41,5,77,6.49,3,-66.67
2022-07,42,6,77,7.79,5,-20
2022-07,43,1,77,1.3,6,83.33
2022-07,44,5,77,6.49,1,-400
2022-08,0,93,93,100,,
2022-08,1,3,93,3.23,93,96.77
2022-08,2,4,93,4.3,3,-33.33
2022-08,3,7,93,7.53,4,-75
2022-08,4,3,93,3.23,7,57.14
2022-08,5,5,93,5.38,3,-66.67
2022-08,6,6,93,6.45,5,-20
2022-08,7,4,93,4.3,6,33.33
2022-08,8,2,93,2.15,4,50
2022-08,9,3,93,3.23,2,-50
2022-08,10,6,93,6.45,3,-100
2022-08,11,4,93,4.3,6,33.33
2022-08,12,2,93,2.15,4,50
2022-08,13,3,93,3.23,2,-50
2022-08,14,3,93,3.23,3,0
2022-08,15,4,93,4.3,3,-33.33
2022-08,16,2,93,2.15,4,50
2022-08,17,1,93,1.08,2,50
2022-08,18,5,93,5.38,1,-400
2022-08,19,9,93,9.68,5,-80
2022-08,20,4,93,4.3,9,55.56
2022-08,21,3,93,3.23,4,25
2022-08,22,3,93,3.23,3,0
2022-08,23,2,93,2.15,3,33.33
2022-08,24,3,93,3.23,2,-50
2022-08,25,6,93,6.45,3,-100
2022-08,26,4,93,4.3,6,33.33
2022-08,27,1,93,1.08,4,75
2022-08,28,4,93,4.3,1,-300
2022-08,29,4,93,4.3,4,0
2022-08,30,8,93,8.6,4,-100
2022-08,31,0,93,0,8,100
2022-08,32,3,93,3.23,0,
2022-08,33,4,93,4.3,3,-33.33
2022-08,34,4,93,4.3,4,0
2022-08,35,6,93,6.45,4,-50
2022-08,36,3,93,3.23,6,50
2022-08,37,2,93,2.15,3,33.33
2022-08,38,4,93,4.3,2,-100
2022-08,39,3,93,3.23,4,25
2022-08,40,4,93,4.3,3,-33.33
2022-08,41,3,93,3.23,4,25
2022-08,42,1,93,1.08,3,66.67
2022-08,43,4,93,4.3,1,-300
2022-09,0,86,86,100,,
2022-09,1,4,86,4.65,86,95.35
2022-09,2,5,86,5.81,4,-25
2022-09,3,4,86,4.65,5,20
2022-09,4,3,86,3.49,4,25
2022-09,5,6,86,6.98,3,-100
2022-09,6,2,86,2.33,6,66.67
2022-09,7,4,86,4.65,2,-100
2022-09,8,1,86,1.16,4,75
2022-09,9,4,86,4.65,1,-300
2022-09,10,3,86,3.49,4,25
2022-09,11,2,86,2.33,3,33.33
2022-09,12,5,86,5.81,2,-150
2022-09,13,2,86,2.33,5,60
2022-09,14,6,86,6.98,2,-200
2022-09,15,4,86,4.65,6,33.33
2022-09,16,2,86,2.33,4,50
2022-09,17,0,86,0,2,100
2022-09,18,7,86,8.14,0,
2022-09,19,2,86,2.33,7,71.43
2022-09,20,6,86,6.98,2,-200
2022-09,21,2,86,2.33,6,66.67
2022-09,22,1,86,1.16,2,50
2022-09,23,4,86,4.65,1,-300
2022-09,24,2,86,2.33,4,50
2022-09,25,5,86,5.81,2,-150
2022-09,26,3,86,3.49,5,40
2022-09,27,4,86,4.65,3,-33.33
2022-09,28,2,86,2.33,4,50
2022-09,29,2,86,2.33,2,0
2022-09,30,7,86,8.14,2,-250
2022-09,31,5,86,5.81,7,28.57
2022-09,32,6,86,6.98,5,-20
2022-09,33,3,86,3.49,6,50
2022-09,34,3,86,3.49,3,0
2022-09,35,4,86,4.65,3,-33.33
2022-09,36,5,86,5.81,4,-25
2022-09,37,4,86,4.65,5,20
2022-09,38,1,86,1.16,4,75
2022-09,39,2,86,2.33,1,-100
2022-09,40,1,86,1.16,2,50
2022-09,41,3,86,3.49,1,-200
2022-09,42,1,86,1.16,3,66.67
2022-10,0,89,89,100,,
2022-10,1,1,89,1.12,89,98.88
2022-10,2,2,89,2.25,1,-100
2022-10,3,4,89,4.49,2,-100
2022-10,4,7,89,7.87,4,-75
2022-10,5,3,89,3.37,7,57.14
2022-10,6,3,89,3.37,3,0
2022-10,7,4,89,4.49,3,-33.33
2022-10,8,4,89,4.49,4,0
2022-10,9,3,89,3.37,4,25
2022-10,10,4,89,4.49,3,-33.33
2022-10,11,3,89,3.37,4,25
2022-10,12,3,89,3.37,3,0
2022-10,13,3,89,3.37,3,0
2022-10,14,3,89,3.37,3,0
2022-10,15,3,89,3.37,3,0
2022-10,16,5,89,5.62,3,-66.67
2022-10,17,6,89,6.74,5,-20
2022-10,18,4,89,4.49,6,33.33
2022-10,19,3,89,3.37,4,25
2022-10,20,2,89,2.25,3,33.33
2022-10,21,5,89,5.62,2,-150
2022-10,22,3,89,3.37,5,40
2022-10,23,5,89,5.62,3,-66.67
2022-10,24,4,89,4.49,5,20
2022-10,25,2,89,2.25,4,50
2022-10,26,8,89,8.99,2,-300
2022-10,27,7,89,7.87,8,12.5
2022-10,28,2,89,2.25,7,71.43
2022-10,29,4,89,4.49,2,-100
2022-10,30,4,89,4.49,4,0
2022-10,31,4,89,4.49,4,0
2022-10,32,5,89,5.62,4,-25
2022-10,33,1,89,1.12,5,80
2022-10,34,2,89,2.25,1,-100
2022-10,35,3,89,3.37,2,-50
2022-10,36,2,89,2.25,3,33.33
2022-10,37,1,89,1.12,2,50
2022-10,38,3,89,3.37,1,-200
2022-10,39,6,89,6.74,3,-100
2022-10,40,3,89,3.37,6,50
2022-10,41,2,89,2.25,3,33.33
2022-11,0,80,80,100,,
2022-11,1,7,80,8.75,80,91.25
2022-11,2,3,80,3.75,7,57.14
2022-11,3,2,80,2.5,3,33.33
2022-11,4,4,80,5,2,-100
2022-11,5,1,80,1.25,4,75
2022-11,6,5,80,6.25,1,-400
2022-11,7,2,80,2.5,5,60
2022-11,8,0,80,0,2,100
2022-11,9,2,80,2.5,0,
2022-11,10,3,80,3.75,2,-50
2022-11,11,3,80,3.75,3,0
2022-11,12,2,80,2.5,3,33.33
2022-11,13,1,80,1.25,2,50
2022-11,14,5,80,6.25,1,-400
2022-11,15,3,80,3.75,5,40
2022-11,16,7,80,8.75,3,-133.33
2022-11,17,7,80,8.75,7,0
2022-11,18,5,80,6.25,7,28.57
2022-11,19,4,80,5,5,20
2022-11,20,1,80,1.25,4,75
2022-11,21,3,80,3.75,1,-200
2022-11,22,2,80,2.5,3,33.33
2022-11,23,4,80,5,2,-100
2022-11,24,5,80,6.25,4,-25
2022-11,25,5,80,6.25,5,0
2022-11,26,1,80,1.25,5,80
2022-11,27,4,80,5,1,-300
2022-11,28,3,80,3.75,4,25
2022-11,29,1,80,1.25,3,66.67
2022-11,30,5,80,6.25,1,-400
2022-11,31,6,80,7.5,5,-20
2022-11,32,2,80,2.5,6,66.67
2022-11,33,2,80,2.5,2,0
2022-11,34,4,80,5,2,-100
2022-11,35,2,80,2.5,4,50
2022-11,36,1,80,1.25,2,50
2022-11,37,4,80,5,1,-300
2022-11,38,5,80,6.25,4,-25
2022-11,39,2,80,2.5,5,60
2022-11,40,5,80,6.25,2,-150
2022-12,0,88,88,100,,
2022-12,1,5,88,5.68,88,94.32
2022-12,2,4,88,4.55,5,20
2022-12,3,4,88,4.55,4,0
2022-12,4,2,88,2.27,4,50
2022-12,5,5,88,5.68,2,-150
2022-12,6,1,88,1.14,5,80
2022-12,7,9,88,10.23,1,-800
2022-12,8,4,88,4.55,9,55.56
2022-12,9,3,88,3.41,4,25
2022-12,10,6,88,6.82,3,-100
2022-12,11,4,88,4.55,6,33.33
2022-12,12,1,88,1.14,4,75
2022-12,13,6,88,6.82,1,-500
2022-12,14,7,88,7.95,6,-16.67
2022-12,15,2,88,2.27,7,71.43
2022-12,16,0,88,0,2,100
2022-12,17,4,88,4.55,0,
2022-12,18,2,88,2.27,4,50
2022-12,19,4,88,4.55,2,-100
2022-12,20,4,88,4.55,4,0
2022-12,21,7,88,7.95,4,-75
2022-12,22,2,88,2.27,7,71.43
2022-12,23,6,88,6.82,2,-200
2022-12,24,2,88,2.27,6,66.67
2022-12,25,6,88,6.82,2,-200
2022-12,26,4,88,4.55,6,33.33
2022-12,27,5,88,5.68,4,-25
2022-12,28,2,88,2.27,5,60
2022-12,29,5,88,5.68,2,-150
2022-12,30,1,88,1.14,5,80
2022-12,31,3,88,3.41,1,-200
2022-12,32,6,88,6.82,3,-100
2022-12,33,2,88,2.27,6,66.67
2022-12,34,2,88,2.27,2,0
2022-12,35,3,88,3.41,2,-50
2022-12,36,2,88,2.27,3,33.33
2022-12,37,5,88,5.68,2,-150
2022-12,38,5,88,5.68,5,0
2022-12,39,5,88,5.68,5,0
2023-01,0,81,81,100,,
2023-01,1,2,81,2.47,81,97.53
2023-01,2,4,81,4.94,2,-100
2023-01,3,4,81,4.94,4,0
2023-01,4,3,81,3.7,4,25
2023-01,5,6,81,7.41,3,-100
2023-01,6,3,81,3.7,6,50
2023-01,7,2,81,2.47,3,33.33
2023-01,8,4,81,4.94,2,-100
2023-01,9,6,81,7.41,4,-50
2023-01,10,2,81,2.47,6,66.67
2023-01,11,4,81,4.94,2,-100
2023-01,12,4,81,4.94,4,0
2023-01,13,3,81,3.7,4,25
2023-01,14,4,81,4.94,3,-33.33
2023-01,15,6,81,7.41,4,-50
2023-01,16,1,81,1.23,6,83.33
2023-01,17,5,81,6.17,1,-400
2023-01,18,4,81,4.94,5,20
2023-01,19,5,81,6.17,4,-25
2023-01,20,7,81,8.64,5,-40
2023-01,21,3,81,3.7,7,57.14
2023-01,22,1,81,1.23,3,66.67
2023-01,23,6,81,7.41,1,-500
2023-01,24,2,81,2.47,6,66.67
2023-01,25,4,81,4.94,2,-100
2023-01,26,10,81,12.35,4,-150
2023-01,27,4,81,4.94,10,60
2023-01,28,5,81,6.17,4,-25
2023-01,29,1,81,1.23,5,80
2023-01,30,4,81,4.94,1,-300
2023-01,31,4,81,4.94,4,0
2023-01,32,1,81,1.23,4,75
2023-01,33,8,81,9.88,1,-700
2023-01,34,5,81,6.17,8,37.5
2023-01,35,7,81,8.64,5,-40
2023-01,36,3,81,3.7,7,57.14
2023-01,37,2,81,2.47,3,33.33
2023-01,38,4,81,4.94,2,-100
2023-02,0,60,60,100,,
2023-02,1,0,60,0,60,100
2023-02,2,3,60,5,0,
2023-02,3,2,60,3.33,3,33.33
2023-02,4,2,60,3.33,2,0
2023-02,5,4,60,6.67,2,-100
2023-02,6,3,60,5,4,25
2023-02,7,3,60,5,3,0
2023-02,8,2,60,3.33,3,33.33
2023-02,9,0,60,0,2,100
2023-02,10,1,60,1.67,0,
2023-02,11,5,60,8.33,1,-400
2023-02,12,5,60,8.33,5,0
2023-02,13,4,60,6.67,5,20
2023-02,14,3,60,5,4,25
2023-02,15,1,60,1.67,3,66.67
2023-02,16,2,60,3.33,1,-100
2023-02,17,2,60,3.33,2,0
2023-02,18,3,60,5,2,-50
2023-02,19,0,60,0,3,100
2023-02,20,4,60,6.67,0,
2023-02,21,5,60,8.33,4,-25
2023-02,22,1,60,1.67,5,80
2023-02,23,4,60,6.67,1,-300
2023-02,24,1,60,1.67,4,75
2023-02,25,1,60,1.67,1,0
2023-02,26,3,60,5,1,-200
2023-02,27,2,60,3.33,3,33.33
2023-02,28,1,60,1.67,2,50
2023-02,29,2,60,3.33,1,-100
2023-02,30,0,60,0,2,100
2023-02,31,3,60,5,0,
2023-02,32,2,60,3.33,3,33.33
2023-02,33,4,60,6.67,2,-100
2023-02,34,2,60,3.33,4,50
2023-02,35,2,60,3.33,2,0
2023-02,36,3,60,5,2,-50
2023-02,37,1,60,1.67,3,66.67
2023-03,0,63,63,100,,
2023-03,1,0,63,0,63,100
2023-03,2,3,63,4.76,0,
2023-03,3,3,63,4.76,3,0
2023-03,4,3,63,4.76,3,0
2023-03,5,4,63,6.35,3,-33.33
2023-03,6,2,63,3.17,4,50
2023-03,7,4,63,6.35,2,-100
2023-03,8,3,63,4.76,4,25
2023-03,9,6,63,9.52,3,-100
2023-03,10,3,63,4.76,6,50
2023-03,11,3,63,4.76,3,0
2023-03,12,1,63,1.59,3,66.67
2023-03,13,3,63,4.76,1,-200
2023-03,14,5,63,7.94,3,-66.67
2023-03,15,3,63,4.76,5,40
2023-03,16,1,63,1.59,3,66.67
2023-03,17,3,63,4.76,1,-200
2023-03,18,5,63,7.94,3,-66.67
2023-03,19,3,63,4.76,5,40
2023-03,20,1,63,1.59,3,66.67
2023-03,21,1,63,1.59,1,0
2023-03,22,3,63,4.76,1,-200
2023-03,23,4,63,6.35,3,-33.33
2023-03,24,6,63,9.52,4,-50
2023-03,25,5,63,7.94,6,16.67
2023-03,26,1,63,1.59,5,80
2023-03,27,2,63,3.17,1,-100
2023-03,28,2,63,3.17,2,0
2023-03,29,2,63,3.17,2,0
2023-03,30,1,63,1.59,2,50
2023-03,31,0,63,0,1,100
2023-03,32,3,63,4.76,0,
2023-03,33,4,63,6.35,3,-33.33
2023-03,34,2,63,3.17,4,50
2023-03,35,0,63,0,2,100
2023-03,36,4,63,6.35,0,
2023-04,0,63,63,100,,
2023-04,1,1,63,1.59,63,98.41
2023-04,2,2,63,3.17,1,-100
2023-04,3,2,63,3.17,2,0
2023-04,4,6,63,9.52,2,-200
2023-04,5,2,63,3.17,6,66.67
2023-04,6,1,63,1.59,2,50
2023-04,7,1,63,1.59,1,0
2023-04,8,2,63,3.17,1,-100
2023-04,9,1,63,1.59,2,50
2023-04,10,2,63,3.17,1,-100
2023-04,11,4,63,6.35,2,-100
2023-04,12,2,63,3.17,4,50
2023-04,13,5,63,7.94,2,-150
2023-04,14,2,63,3.17,5,60
2023-04,15,3,63,4.76,2,-50
2023-04,16,2,63,3.17,3,33.33
2023-04,17,2,63,3.17,2,0
2023-04,18,5,63,7.94,2,-150
2023-04,19,4,63,6.35,5,20
2023-04,20,4,63,6.35,4,0
2023-04,21,2,63,3.17,4,50
2023-04,22,4,63,6.35,2,-100
2023-04,23,4,63,6.35,4,0
2023-04,24,2,63,3.17,4,50
2023-04,25,3,63,4.76,2,-50
2023-04,26,6,63,9.52,3,-100
2023-04,27,4,63,6.35,6,33.33
2023-04,28,5,63,7.94,4,-25
2023-04,29,5,63,7.94,5,0
2023-04,30,1,63,1.59,5,80
2023-04,31,1,63,1.59,1,0
2023-04,32,1,63,1.59,1,0
2023-04,33,1,63,1.59,1,0
2023-04,34,2,63,3.17,1,-100
2023-04,35,0,63,0,2,100
2023-05,0,58,58,100,,
2023-05,1,3,58,5.17,58,94.83
2023-05,2,0,58,0,3,100
2023-05,3,5,58,8.62,0,
2023-05,4,4,58,6.9,5,20
2023-05,5,0,58,0,4,100
2023-05,6,4,58,6.9,0,
2023-05,7,0,58,0,4,100
2023-05,8,4,58,6.9,0,
2023-05,9,4,58,6.9,4,0
2023-05,10,3,58,5.17,4,25
2023-05,11,4,58,6.9,3,-33.33
2023-05,12,3,58,5.17,4,25
2023-05,13,4,58,6.9,3,-33.33
2023-05,14,3,58,5.17,4,25
2023-05,15,4,58,6.9,3,-33.33
2023-05,16,4,58,6.9,4,0
2023-05,17,5,58,8.62,4,-25
2023-05,18,4,58,6.9,5,20
2023-05,19,4,58,6.9,4,0
2023-05,20,0,58,0,4,100
2023-05,21,1,58,1.72,0,
2023-05,22,1,58,1.72,1,0
2023-05,23,4,58,6.9,1,-300
2023-05,24,2,58,3.45,4,50
2023-05,25,3,58,5.17,2,-50
2023-05,26,1,58,1.72,3,66.67
2023-05,27,1,58,1.72,1,0
2023-05,28,1,58,1.72,1,0
2023-05,29,4,58,6.9,1,-300
2023-05,30,2,58,3.45,4,50
2023-05,31,6,58,10.34,2,-200
2023-05,32,5,58,8.62,6,16.67
2023-05,33,5,58,8.62,5,0
2023-05,34,0,58,0,5,100
2023-06,0,52,52,100,,
2023-06,1,1,52,1.92,52,98.08
2023-06,2,1,52,1.92,1,0
2023-06,3,3,52,5.77,1,-200
2023-06,4,3,52,5.77,3,0
2023-06,5,3,52,5.77,3,0
2023-06,6,3,52,5.77,3,0
2023-06,7,3,52,5.77,3,0
2023-06,8,0,52,0,3,100
2023-06,9,2,52,3.85,0,
2023-06,10,5,52,9.62,2,-150
2023-06,11,6,52,11.54,5,-20
2023-06,12,3,52,5.77,6,50
2023-06,13,3,52,5.77,3,0
2023-06,14,0,52,0,3,100
2023-06,15,4,52,7.69,0,
2023-06,16,0,52,0,4,100
2023-06,17,1,52,1.92,0,
2023-06,18,2,52,3.85,1,-100
2023-06,19,2,52,3.85,2,0
2023-06,20,2,52,3.85,2,0
2023-06,21,0,52,0,2,100
2023-06,22,4,52,7.69,0,
2023-06,23,1,52,1.92,4,75
2023-06,24,2,52,3.85,1,-100
2023-06,25,5,52,9.62,2,-150
2023-06,26,2,52,3.85,5,60
2023-06,27,3,52,5.77,2,-50
2023-06,28,0,52,0,3,100
2023-06,29,2,52,3.85,0,
2023-06,30,2,52,3.85,2,0
2023-06,31,2,52,3.85,2,0
2023-06,32,1,52,1.92,2,50
2023-06,33,0,52,0,1,100
2023-07,0,59,59,100,,
2023-07,1,3,59,5.08,59,94.92
2023-07,2,4,59,6.78,3,-33.33
2023-07,3,3,59,5.08,4,25
2023-07,4,0,59,0,3,100
2023-07,5,4,59,6.78,0,
2023-07,6,3,59,5.08,4,25
2023-07,7,4,59,6.78,3,-33.33
2023-07,8,1,59,1.69,4,75
2023-07,9,0,59,0,1,100
2023-07,10,1,59,1.69,0,
2023-07,11,3,59,5.08,1,-200
2023-07,12,3,59,5.08,3,0
2023-07,13,3,59,5.08,3,0
2023-07,14,6,59,10.17,3,-100
2023-07,15,2,59,3.39,6,66.67
2023-07,16,1,59,1.69,2,50
2023-07,17,2,59,3.39,1,-100
2023-07,18,6,59,10.17,2,-200
2023-07,19,0,59,0,6,100
2023-07,20,4,59,6.78,0,
2023-07,21,2,59,3.39,4,50
2023-07,22,2,59,3.39,2,0
2023-07,23,3,59,5.08,2,-50
2023-07,24,2,59,3.39,3,33.33
2023-07,25,2,59,3.39,2,0
2023-07,26,2,59,3.39,2,0
2023-07,27,5,59,8.47,2,-150
2023-07,28,0,59,0,5,100
2023-07,29,3,59,5.08,0,
2023-07,30,0,59,0,3,100
2023-07,31,3,59,5.08,0,
2023-07,32,1,59,1.69,3,66.67
2023-08,0,55,55,100,,
2023-08,1,1,55,1.82,55,98.18
2023-08,2,0,55,0,1,100
2023-08,3,1,55,1.82,0,
2023-08,4,2,55,3.64,1,-100
2023-08,5,3,55,5.45,2,-50
2023-08,6,1,55,1.82,3,66.67
2023-08,7,1,55,1.82,1,0
2023-08,8,5,55,9.09,1,-400
2023-08,9,1,55,1.82,5,80
2023-08,10,0,55,0,1,100
2023-08,11,2,55,3.64,0,
2023-08,12,1,55,1.82,2,50
2023-08,13,1,55,1.82,1,0
2023-08,14,2,55,3.64,1,-100
2023-08,15,2,55,3.64,2,0
2023-08,16,2,55,3.64,2,0
2023-08,17,2,55,3.64,2,0
2023-08,18,1,55,1.82,2,50
2023-08,19,2,55,3.64,1,-100
2023-08,20,3,55,5.45,2,-50
2023-08,21,2,55,3.64,3,33.33
2023-08,22,4,55,7.27,2,-100
2023-08,23,1,55,1.82,4,75
2023-08,24,2,55,3.64,1,-100
2023-08,25,0,55,0,2,100
2023-08,26,2,55,3.64,0,
2023-08,27,0,55,0,2,100
2023-08,28,2,55,3.64,0,
2023-08,29,2,55,3.64,2,0
2023-08,30,2,55,3.64,2,0
2023-08,31,1,55,1.82,2,50
2023-09,0,49,49,100,,
2023-09,1,0,49,0,49,100
2023-09,2,1,49,2.04,0,
2023-09,3,3,49,6.12,1,-200
2023-09,4,1,49,2.04,3,66.67
2023-09,5,3,49,6.12,1,-200
2023-09,6,0,49,0,3,100
2023-09,7,2,49,4.08,0,
2023-09,8,1,49,2.04,2,50
2023-09,9,3,49,6.12,1,-200
2023-09,10,2,49,4.08,3,33.33
2023-09,11,1,49,2.04,2,50
2023-09,12,2,49,4.08,1,-100
2023-09,13,3,49,6.12,2,-50
2023-09,14,1,49,2.04,3,66.67
2023-09,15,4,49,8.16,1,-300
2023-09,16,2,49,4.08,4,50
2023-09,17,2,49,4.08,2,0
2023-09,18,2,49,4.08,2,0
2023-09,19,2,49,4.08,2,0
2023-09,20,0,49,0,2,100
2023-09,21,3,49,6.12,0,
2023-09,22,2,49,4.08,3,33.33
2023-09,23,1,49,2.04,2,50
2023-09,24,5,49,10.2,1,-400
2023-09,25,3,49,6.12,5,40
2023-09,26,2,49,4.08,3,33.33
2023-09,27,3,49,6.12,2,-50
2023-09,28,2,49,4.08,3,33.33
2023-09,29,3,49,6.12,2,-50
2023-09,30,3,49,6.12,3,0
2023-10,0,66,66,100,,
2023-10,1,4,66,6.06,66,93.94
2023-10,2,2,66,3.03,4,50
2023-10,3,3,66,4.55,2,-50
2023-10,4,2,66,3.03,3,33.33
2023-10,5,4,66,6.06,2,-100
2023-10,6,0,66,0,4,100
2023-10,7,6,66,9.09,0,
2023-10,8,4,66,6.06,6,33.33
2023-10,9,2,66,3.03,4,50
2023-10,10,0,66,0,2,100
2023-10,11,2,66,3.03,0,
2023-10,12,1,66,1.52,2,50
2023-10,13,3,66,4.55,1,-200
2023-10,14,1,66,1.52,3,66.67
2023-10,15,3,66,4.55,1,-200
2023-10,16,2,66,3.03,3,33.33
2023-10,17,5,66,7.58,2,-150
2023-10,18,5,66,7.58,5,0
2023-10,19,5,66,7.58,5,0
2023-10,20,3,66,4.55,5,40
2023-10,21,3,66,4.55,3,0
2023-10,22,2,66,3.03,3,33.33
2023-10,23,3,66,4.55,2,-50
2023-10,24,6,66,9.09,3,-100
2023-10,25,1,66,1.52,6,83.33
2023-10,26,3,66,4.55,1,-200
2023-10,27,4,66,6.06,3,-33.33
2023-10,28,2,66,3.03,4,50
2023-10,29,2,66,3.03,2,0
2023-11,0,38,38,100,,
2023-11,1,1,38,2.63,38,97.37
2023-11,2,1,38,2.63,1,0
2023-11,3,1,38,2.63,1,0
2023-11,4,1,38,2.63,1,0
2023-11,5,0,38,0,1,100
2023-11,6,0,38,0,0,
2023-11,7,2,38,5.26,0,
2023-11,8,4,38,10.53,2,-100
2023-11,9,1,38,2.63,4,75
2023-11,10,3,38,7.89,1,-200
2023-11,11,1,38,2.63,3,66.67
2023-11,12,2,38,5.26,1,-100
2023-11,13,1,38,2.63,2,50
2023-11,14,1,38,2.63,1,0
2023-11,15,1,38,2.63,1,0
2023-11,16,3,38,7.89,1,-200
2023-11,17,4,38,10.53,3,-33.33
2023-11,18,1,38,2.63,4,75
2023-11,19,0,38,0,1,100
2023-11,20,1,38,2.63,0,
2023-11,21,3,38,7.89,1,-200
2023-11,22,1,38,2.63,3,66.67
2023-11,23,3,38,7.89,1,-200
2023-11,24,2,38,5.26,3,33.33
2023-11,25,1,38,2.63,2,50
2023-11,26,1,38,2.63,1,0
2023-11,27,0,38,0,1,100
2023-11,28,0,38,0,0,
2023-12,0,52,52,100,,
2023-12,1,2,52,3.85,52,96.15
2023-12,2,2,52,3.85,2,0
2023-12,3,2,52,3.85,2,0
2023-12,4,2,52,3.85,2,0
2023-12,5,2,52,3.85,2,0
2023-12,6,1,52,1.92,2,50
2023-12,7,3,52,5.77,1,-200
2023-12,8,3,52,5.77,3,0
2023-12,9,2,52,3.85,3,33.33
2023-12,10,1,52,1.92,2,50
2023-12,11,2,52,3.85,1,-100
2023-12,12,1,52,1.92,2,50
2023-12,13,1,52,1.92,1,0
2023-12,14,1,52,1.92,1,0
2023-12,15,5,52,9.62,1,-400
2023-12,16,3,52,5.77,5,40
2023-12,17,4,52,7.69,3,-33.33
2023-12,18,0,52,0,4,100
2023-12,19,2,52,3.85,0,
2023-12,20,3,52,5.77,2,-50
2023-12,21,2,52,3.85,3,33.33
2023-12,22,2,52,3.85,2,0
2023-12,23,0,52,0,2,100
2023-12,24,2,52,3.85,0,
2023-12,25,1,52,1.92,2,50
2023-12,26,2,52,3.85,1,-100
2023-12,27,3,52,5.77,2,-50
2024-01,0,56,56,100,,
2024-01,1,3,56,5.36,56,94.64
2024-01,2,2,56,3.57,3,33.33
2024-01,3,1,56,1.79,2,50
2024-01,4,5,56,8.93,1,-400
2024-01,5,1,56,1.79,5,80
2024-01,6,4,56,7.14,1,-300
2024-01,7,2,56,3.57,4,50
2024-01,8,1,56,1.79,2,50
2024-01,9,2,56,3.57,1,-100
2024-01,10,2,56,3.57,2,0
2024-01,11,2,56,3.57,2,0
2024-01,12,4,56,7.14,2,-100
2024-01,13,1,56,1.79,4,75
2024-01,14,3,56,5.36,1,-200
2024-01,15,1,56,1.79,3,66.67
2024-01,16,1,56,1.79,1,0
2024-01,17,2,56,3.57,1,-100
2024-01,18,2,56,3.57,2,0
2024-01,19,3,56,5.36,2,-50
2024-01,20,2,56,3.57,3,33.33
2024-01,21,3,56,5.36,2,-50
2024-01,22,3,56,5.36,3,0
2024-01,23,4,56,7.14,3,-33.33
2024-01,24,3,56,5.36,4,25
2024-01,25,1,56,1.79,3,66.67
2024-01,26,0,56,0,1,100
2024-02,0,48,48,100,,
2024-02,1,1,48,2.08,48,97.92
2024-02,2,3,48,6.25,1,-200
2024-02,3,1,48,2.08,3,66.67
2024-02,4,4,48,8.33,1,-300
2024-02,5,3,48,6.25,4,25
2024-02,6,2,48,4.17,3,33.33
2024-02,7,3,48,6.25,2,-50
2024-02,8,4,48,8.33,3,-33.33
2024-02,9,2,48,4.17,4,50
2024-02,10,3,48,6.25,2,-50
2024-02,11,0,48,0,3,100
2024-02,12,3,48,6.25,0,
2024-02,13,1,48,2.08,3,66.67
2024-02,14,3,48,6.25,1,-200
2024-02,15,0,48,0,3,100
2024-02,16,2,48,4.17,0,
2024-02,17,4,48,8.33,2,-100
2024-02,18,1,48,2.08,4,75
2024-02,19,3,48,6.25,1,-200
2024-02,20,2,48,4.17,3,33.33
2024-02,21,1,48,2.08,2,50
2024-02,22,1,48,2.08,1,0
2024-02,23,1,48,2.08,1,0
2024-02,24,1,48,2.08,1,0
2024-02,25,0,48,0,1,100
2024-03,0,50,50,100,,
2024-03,1,3,50,6,50,94
2024-03,2,5,50,10,3,-66.67
2024-03,3,0,50,0,5,100
2024-03,4,1,50,2,0,
2024-03,5,1,50,2,1,0
2024-03,6,3,50,6,1,-200
2024-03,7,2,50,4,3,33.33
2024-03,8,2,50,4,2,0
2024-03,9,1,50,2,2,50
2024-03,10,0,50,0,1,100
2024-03,11,1,50,2,0,
2024-03,12,1,50,2,1,0
2024-03,13,2,50,4,1,-100
2024-03,14,0,50,0,2,100
2024-03,15,2,50,4,0,
2024-03,16,1,50,2,2,50
2024-03,17,3,50,6,1,-200
2024-03,18,5,50,10,3,-66.67
2024-03,19,3,50,6,5,40
2024-03,20,2,50,4,3,33.33
2024-03,21,4,50,8,2,-100
2024-03,22,3,50,6,4,25
2024-03,23,3,50,6,3,0
2024-03,24,1,50,2,3,66.67
2024-04,0,50,50,100,,
2024-04,1,2,50,4,50,96
2024-04,2,1,50,2,2,50
2024-04,3,3,50,6,1,-200
2024-04,4,3,50,6,3,0
2024-04,5,4,50,8,3,-33.33
2024-04,6,0,50,0,4,100
2024-04,7,1,50,2,0,
2024-04,8,4,50,8,1,-300
2024-04,9,4,50,8,4,0
2024-04,10,5,50,10,4,-25
2024-04,11,0,50,0,5,100
2024-04,12,4,50,8,0,
2024-04,13,1,50,2,4,75
2024-04,14,2,50,4,1,-100
2024-04,15,1,50,2,2,50
2024-04,16,5,50,10,1,-400
2024-04,17,1,50,2,5,80
2024-04,18,1,50,2,1,0
2024-04,19,0,50,0,1,100
2024-04,20,1,50,2,0,
2024-04,21,0,50,0,1,100
2024-04,22,2,50,4,0,
2024-04,23,2,50,4,2,0
2024-05,0,39,39,100,,
2024-05,1,0,39,0,39,100
2024-05,2,1,39,2.56,0,
2024-05,3,1,39,2.56,1,0
2024-05,4,1,39,2.56,1,0
2024-05,5,3,39,7.69,1,-200
2024-05,6,2,39,5.13,3,33.33
2024-05,7,1,39,2.56,2,50
2024-05,8,1,39,2.56,1,0
2024-05,9,1,39,2.56,1,0
2024-05,10,1,39,2.56,1,0
2024-05,11,3,39,7.69,1,-200
2024-05,12,1,39,2.56,3,66.67
2024-05,13,2,39,5.13,1,-100
2024-05,14,0,39,0,2,100
2024-05,15,3,39,7.69,0,
2024-05,16,3,39,7.69,3,0
2024-05,17,1,39,2.56,3,66.67
2024-05,18,0,39,0,1,100
2024-05,19,0,39,0,0,
2024-05,20,3,39,7.69,0,
2024-05,21,0,39,0,3,100
2024-05,22,2,39,5.13,0,
2024-06,0,27,27,100,,
2024-06,1,0,27,0,27,100
2024-06,2,2,27,7.41,0,
2024-06,3,3,27,11.11,2,-50
2024-06,4,1,27,3.7,3,66.67
2024-06,5,1,27,3.7,1,0
2024-06,6,0,27,0,1,100
2024-06,7,1,27,3.7,0,
2024-06,8,0,27,0,1,100
2024-06,9,1,27,3.7,0,
2024-06,10,1,27,3.7,1,0
2024-06,11,1,27,3.7,1,0
2024-06,12,1,27,3.7,1,0
2024-06,13,0,27,0,1,100
2024-06,14,2,27,7.41,0,
2024-06,15,0,27,0,2,100
2024-06,16,2,27,7.41,0,
2024-06,17,5,27,18.52,2,-150
2024-06,18,1,27,3.7,5,80
2024-06,19,4,27,14.81,1,-300
2024-06,20,0,27,0,4,100
2024-06,21,0,27,0,0,
2024-07,0,39,39,100,,
2024-07,1,3,39,7.69,39,92.31
2024-07,2,0,39,0,3,100
2024-07,3,3,39,7.69,0,
2024-07,4,0,39,0,3,100
2024-07,5,0,39,0,0,
2024-07,6,1,39,2.56,0,
2024-07,7,2,39,5.13,1,-100
2024-07,8,4,39,10.26,2,-100
2024-07,9,3,39,7.69,4,25
2024-07,10,3,39,7.69,3,0
2024-07,11,1,39,2.56,3,66.67
2024-07,12,2,39,5.13,1,-100
2024-07,13,2,39,5.13,2,0
2024-07,14,3,39,7.69,2,-50
2024-07,15,4,39,10.26,3,-33.33
2024-07,16,1,39,2.56,4,75
2024-07,17,3,39,7.69,1,-200
2024-07,18,3,39,7.69,3,0
2024-07,19,3,39,7.69,3,0
2024-07,20,1,39,2.56,3,66.67
2024-08,0,33,33,100,,
2024-08,1,1,33,3.03,33,96.97
2024-08,2,1,33,3.03,1,0
2024-08,3,0,33,0,1,100
2024-08,4,3,33,9.09,0,
2024-08,5,0,33,0,3,100
2024-08,6,1,33,3.03,0,
2024-08,7,0,33,0,1,100
2024-08,8,0,33,0,0,
2024-08,9,1,33,3.03,0,
2024-08,10,3,33,9.09,1,-200
2024-08,11,4,33,12.12,3,-33.33
2024-08,12,1,33,3.03,4,75
2024-08,13,1,33,3.03,1,0
2024-08,14,1,33,3.03,1,0
2024-08,15,3,33,9.09,1,-200
2024-08,16,1,33,3.03,3,66.67
2024-08,17,2,33,6.06,1,-100
2024-08,18,1,33,3.03,2,50
2024-08,19,3,33,9.09,1,-200
2024-09,0,34,34,100,,
2024-09,1,1,34,2.94,34,97.06
2024-09,2,0,34,0,1,100
2024-09,3,0,34,0,0,
2024-09,4,2,34,5.88,0,
2024-09,5,3,34,8.82,2,-50
2024-09,6,3,34,8.82,3,0
2024-09,7,1,34,2.94,3,66.67
2024-09,8,1,34,2.94,1,0
2024-09,9,5,34,14.71,1,-400
2024-09,10,2,34,5.88,5,60
2024-09,11,2,34,5.88,2,0
2024-09,12,4,34,11.76,2,-100
2024-09,13,0,34,0,4,100
2024-09,14,0,34,0,0,
2024-09,15,3,34,8.82,0,
2024-09,16,1,34,2.94,3,66.67
2024-09,17,1,34,2.94,1,0
2024-09,18,3,34,8.82,1,-200
2024-10,0,36,36,100,,
2024-10,1,2,36,5.56,36,94.44
2024-10,2,3,36,8.33,2,-50
2024-10,3,2,36,5.56,3,33.33
2024-10,4,0,36,0,2,100
2024-10,5,2,36,5.56,0,
2024-10,6,2,36,5.56,2,0
2024-10,7,1,36,2.78,2,50
2024-10,8,2,36,5.56,1,-100
2024-10,9,0,36,0,2,100
2024-10,10,0,36,0,0,
2024-10,11,0,36,0,0,
2024-10,12,0,36,0,0,
2024-10,13,1,36,2.78,0,
2024-10,14,2,36,5.56,1,-100
2024-10,15,1,36,2.78,2,50
2024-10,16,0,36,0,1,100
2024-10,17,1,36,2.78,0,
2024-11,0,33,33,100,,
2024-11,1,1,33,3.03,33,96.97
2024-11,2,1,33,3.03,1,0
2024-11,3,1,33,3.03,1,0
2024-11,4,2,33,6.06,1,-100
2024-11,5,0,33,0,2,100
2024-11,6,4,33,12.12,0,
2024-11,7,1,33,3.03,4,75
2024-11,8,1,33,3.03,1,0
2024-11,9,1,33,3.03,1,0
2024-11,10,1,33,3.03,1,0
2024-11,11,1,33,3.03,1,0
2024-11,12,4,33,12.12,1,-300
2024-11,13,2,33,6.06,4,50
2024-11,14,1,33,3.03,2,50
2024-11,15,3,33,9.09,1,-200
2024-11,16,1,33,3.03,3,66.67
2024-12,0,26,26,100,,
2024-12,1,0,26,0,26,100
2024-12,2,0,26,0,0,
2024-12,3,0,26,0,0,
2024-12,4,0,26,0,0,
2024-12,5,0,26,0,0,
2024-12,6,2,26,7.69,0,
2024-12,7,0,26,0,2,100
2024-12,8,1,26,3.85,0,
2024-12,9,2,26,7.69,1,-100
2024-12,10,0,26,0,2,100
2024-12,11,1,26,3.85,0,
2024-12,12,2,26,7.69,1,-100
2024-12,13,1,26,3.85,2,50
2024-12,14,1,26,3.85,1,0
2024-12,15,0,26,0,1,100
2025-01,0,23,23,100,,
2025-01,1,0,23,0,23,100
2025-01,2,0,23,0,0,
2025-01,3,1,23,4.35,0,
2025-01,4,1,23,4.35,1,0
2025-01,5,1,23,4.35,1,0
2025-01,6,1,23,4.35,1,0
2025-01,7,2,23,8.7,1,-100
2025-01,8,2,23,8.7,2,0
2025-01,9,1,23,4.35,2,50
2025-01,10,2,23,8.7,1,-100
2025-01,11,3,23,13.04,2,-50
2025-01,12,2,23,8.7,3,33.33
2025-01,13,2,23,8.7,2,0
2025-01,14,2,23,8.7,2,0
2025-02,0,24,24,100,,
2025-02,1,0,24,0,24,100
2025-02,2,1,24,4.17,0,
2025-02,3,1,24,4.17,1,0
2025-02,4,0,24,0,1,100
2025-02,5,1,24,4.17,0,
2025-02,6,0,24,0,1,100
2025-02,7,3,24,12.5,0,
2025-02,8,0,24,0,3,100
2025-02,9,1,24,4.17,0,
2025-02,10,1,24,4.17,1,0
2025-02,11,1,24,4.17,1,0
2025-02,12,3,24,12.5,1,-200
2025-02,13,2,24,8.33,3,33.33
2025-03,0,32,32,100,,
2025-03,1,0,32,0,32,100
2025-03,2,2,32,6.25,0,
2025-03,3,1,32,3.13,2,50
2025-03,4,2,32,6.25,1,-100
2025-03,5,0,32,0,2,100
2025-03,6,1,32,3.13,0,
2025-03,7,1,32,3.13,1,0
2025-03,8,1,32,3.13,1,0
2025-03,9,3,32,9.38,1,-200
2025-03,10,2,32,6.25,3,33.33
2025-03,11,2,32,6.25,2,0
2025-03,12,1,32,3.13,2,50
2025-04,0,20,20,100,,
2025-04,1,0,20,0,20,100
2025-04,2,2,20,10,0,
2025-04,3,1,20,5,2,50
2025-04,4,1,20,5,1,0
2025-04,5,0,20,0,1,100
2025-04,6,1,20,5,0,
2025-04,7,0,20,0,1,100
2025-04,8,2,20,10,0,
2025-04,9,0,20,0,2,100
2025-04,10,0,20,0,0,
2025-04,11,0,20,0,0,
2025-05,0,24,24,100,,
2025-05,1,0,24,0,24,100
2025-05,2,1,24,4.17,0,
2025-05,3,1,24,4.17,1,0
2025-05,4,3,24,12.5,1,-200
2025-05,5,0,24,0,3,100
2025-05,6,1,24,4.17,0,
2025-05,7,1,24,4.17,1,0
2025-05,8,1,24,4.17,1,0
2025-05,9,2,24,8.33,1,-100
2025-05,10,0,24,0,2,100
2025-06,0,35,35,100,,
2025-06,1,2,35,5.71,35,94.29
2025-06,2,0,35,0,2,100
2025-06,3,0,35,0,0,
2025-06,4,2,35,5.71,0,
2025-06,5,1,35,2.86,2,50
2025-06,6,2,35,5.71,1,-100
2025-06,7,2,35,5.71,2,0
2025-06,8,1,35,2.86,2,50
2025-06,9,1,35,2.86,1,0
2025-07,0,16,16,100,,
2025-07,1,1,16,6.25,16,93.75
2025-07,2,0,16,0,1,100
2025-07,3,1,16,6.25,0,
2025-07,4,1,16,6.25,1,0
2025-07,5,0,16,0,1,100
2025-07,6,1,16,6.25,0,
2025-07,7,0,16,0,1,100
2025-07,8,1,16,6.25,0,
2025-08,0,23,23,100,,
2025-08,1,3,23,13.04,23,86.96
2025-08,2,0,23,0,3,100
2025-08,3,0,23,0,0,
2025-08,4,2,23,8.7,0,
2025-08,5,2,23,8.7,2,0
2025-08,6,1,23,4.35,2,50
2025-08,7,1,23,4.35,1,0
2025-09,0,14,14,100,,
2025-09,1,0,14,0,14,100
2025-09,2,0,14,0,0,
2025-09,3,2,14,14.29,0,
2025-09,4,0,14,0,2,100
2025-09,5,2,14,14.29,0,
2025-09,6,2,14,14.29,2,0
2025-10,0,20,20,100,,
2025-10,1,1,20,5,20,95
2025-10,2,3,20,15,1,-200
2025-10,3,0,20,0,3,100
2025-10,4,3,20,15,0,
2025-10,5,0,20,0,3,100
2025-11,0,10,10,100,,
2025-11,1,1,10,10,10,90
2025-11,2,1,10,10,1,0
2025-11,3,0,10,0,1,100
2025-11,4,1,10,10,0,
2025-12,0,17,17,100,,
2025-12,1,1,17,5.88,17,94.12
2025-12,2,0,17,0,1,100
2025-12,3,0,17,0,0,
2026-01,0,23,23,100,,
2026-01,1,0,23,0,23,100
2026-01,2,1,23,4.35,0,
2026-02,0,17,17,100,,
2026-02,1,0,17,0,17,100
2026-03,0,14,14,100,,
